id,image,submitted_at,validated,validated_at,rejected,rejection_reason,order_id,validated_by_id,image2
1076,payment_proofs/474050b7-eda9-4597-9dd7-8509b0648c9d/1000150702.png,2026-06-22 14:33:54.825458+00,t,2026-06-22 19:04:47.474571+00,f,,1641,2,
705,payment_proofs/0ec08bf5-8562-41b0-906b-4277cd28bc25/Screenshot_20260512_114323_Orange_Max_it.jpg,2026-05-12 10:44:35.249593+00,t,2026-05-12 11:32:08.463438+00,f,,1042,2,
576,payment_proofs/ed542d0f-ae0f-464a-a31a-4e6227c4054e/IMG_0765.jpeg,2026-04-28 18:18:34.152194+00,t,2026-04-28 18:55:02.891269+00,f,,862,2,
44,payment_proofs/4e4df3c5-723f-450c-8c96-7322ac9e31cd/Screenshot_20260318_200358_Orange_Max_it.jpg,2026-03-18 19:08:53.233498+00,t,2026-03-18 19:17:44.543013+00,f,,66,2,
379,payment_proofs/446146ce-fafc-4c4e-9ae4-7a73939bfa6e/ADAFACF5-5479-4AC6-B07C-95EF411368D7.jpeg,2026-04-10 10:24:57.947115+00,t,2026-04-10 10:30:10.303942+00,f,,565,2,
584,payment_proofs/3e60d779-3137-439b-a03a-810b9b1047b2/IMG_6609.jpeg,2026-04-29 06:24:45.67034+00,t,2026-04-29 06:27:21.384346+00,f,,867,2,payment_proofs/3e60d779-3137-439b-a03a-810b9b1047b2/IMG_6609_q7OpWRm.jpeg
589,payment_proofs/d8605911-9984-4a8f-8577-b147cc37e834/IMG_0783.jpeg,2026-04-29 19:22:44.585901+00,t,2026-04-30 13:52:40.503532+00,f,,873,2,
592,payment_proofs/ce0366c4-35c0-4ee9-a4fe-4a0bf43e9943/1000168070.jpg,2026-04-29 19:29:12.111011+00,t,2026-04-30 14:19:13.946552+00,f,,875,2,
595,payment_proofs/17a46f86-b7f2-443b-95c5-542325cf649c/1000009261.png,2026-04-30 18:42:16.206488+00,t,2026-04-30 18:48:42.9978+00,f,,885,2,
10,payment_proofs/cbbee969-9e2a-4d33-9b51-df28c92214d1/20260316_191522.jpg,2026-03-16 18:17:07.840527+00,t,2026-03-16 18:24:34.565334+00,f,,21,2,
11,payment_proofs/64f104f5-d42a-4b55-824f-4ef4ed75041f/1000953064.jpg,2026-03-16 18:24:44.976099+00,t,2026-03-16 18:49:10.037775+00,f,,22,2,
48,payment_proofs/ae36b7cf-2154-4084-a647-4bfb315df192/390652.jpg,2026-03-18 23:40:58.945276+00,t,2026-03-18 23:41:18.205987+00,f,,69,2,
602,payment_proofs/5b72a2c4-2a7a-4279-aace-e28e596f6b25/IMG_2199.jpeg,2026-04-30 22:42:21.266125+00,t,2026-04-30 22:42:41.740276+00,f,,894,2,
605,payment_proofs/d9195c99-d697-486c-a2db-b990c4e2ddec/IMG_2942.jpeg,2026-04-30 22:58:09.006522+00,t,2026-04-30 22:59:24.82875+00,f,,897,2,
14,payment_proofs/bfe2aadb-5ed0-419a-b005-58980fbe6cee/IMG_1498.png,2026-03-17 08:12:45.782694+00,t,2026-03-17 14:47:11.684033+00,f,,28,2,
50,payment_proofs/29e2e5e8-6d1b-447a-a38b-0eb9ed8def00/1001519163.jpg,2026-03-18 23:55:01.413686+00,t,2026-03-18 23:57:01.353192+00,f,,71,2,
606,payment_proofs/e2d1dde6-38e5-4894-b90d-d5328d521fcf/IMG_5046.jpeg,2026-05-01 09:33:52.96753+00,t,2026-05-01 10:25:48.405813+00,f,,899,2,payment_proofs/e2d1dde6-38e5-4894-b90d-d5328d521fcf/IMG_5046_VK9KCAj.jpeg
55,payment_proofs/3b36f56f-089e-4079-a8f3-19e54007dbc5/IMG_9815.png,2026-03-19 13:20:55.420539+00,t,2026-03-19 13:27:33.506822+00,f,,85,2,
54,payment_proofs/760232f9-a967-41bb-9fa0-e41be6b895aa/1001710496.jpg,2026-03-19 12:37:25.518299+00,t,2026-03-19 13:59:00.487941+00,f,,83,2,payment_proofs/760232f9-a967-41bb-9fa0-e41be6b895aa/1001710496_u8Mvgza.jpg
9,payment_proofs/9977b58f-8ac9-45ff-b42e-fc8391bf6999/1000951763.jpg,2026-03-16 17:42:53.335216+00,t,2026-03-17 15:36:30.128121+00,f,,17,2,
53,payment_proofs/b4bc64cd-a7c2-4c91-8841-0dbadd407c95/Screenshot__CbhfmjS.orange.myorange.ocm-edit.jpg,2026-03-19 11:59:05.354316+00,t,2026-03-19 13:59:10.229152+00,f,,80,2,
56,payment_proofs/2515ee74-fe7f-4b89-b635-06e1036df27d/Screenshot_20240922-145511_Chrome.jpg,2026-03-19 14:14:49.166852+00,t,2026-03-19 14:28:59.026914+00,f,,87,2,
57,payment_proofs/05a5144a-e90c-411e-9211-996a46cd8445/IMG_5500.jpeg,2026-03-19 17:11:40.006923+00,t,2026-03-19 17:14:35.806635+00,f,,89,2,payment_proofs/05a5144a-e90c-411e-9211-996a46cd8445/IMG_5500_NJt6WRP.jpeg
59,payment_proofs/09b961e9-2b92-41b3-967f-37823dce7c7f/44215.png,2026-03-19 19:49:00.202914+00,t,2026-03-19 19:55:08.368604+00,f,,91,2,payment_proofs/09b961e9-2b92-41b3-967f-37823dce7c7f/44215_ErnXk9M.png
20,payment_proofs/b1cd4e3a-9dc5-4f8f-b2e2-0662ff20127b/IMG_0588.jpeg,2026-03-17 16:35:32.760069+00,t,2026-03-17 16:39:42.403199+00,f,,35,2,
60,payment_proofs/6799b496-888d-464f-af67-970679c196e3/IMG_9797.jpeg,2026-03-19 20:07:24.097207+00,t,2026-03-19 20:11:24.084303+00,f,,93,2,
61,payment_proofs/0b4d2275-a2f6-4aae-a687-8fcc32337784/IMG_9799.jpeg,2026-03-19 20:12:32.958865+00,t,2026-03-19 20:25:25.398724+00,f,,96,2,
62,payment_proofs/e57d923a-6800-443e-9003-25567bfad94e/Screenshot_20260319-211619_Messages.jpg,2026-03-19 20:29:35.206263+00,t,2026-03-19 20:33:12.626472+00,f,,97,2,payment_proofs/e57d923a-6800-443e-9003-25567bfad94e/Screenshot_20260319-211619_Messages_ttqsNSM.jpg
63,payment_proofs/9b4b1409-0e71-4359-a962-727072b93288/21485.png,2026-03-19 21:05:28.63311+00,t,2026-03-19 21:09:05.769804+00,f,,98,2,
34,payment_proofs/6a69ab40-d7b4-4a8d-a523-1f7a727ed55f/1000082187.png,2026-03-17 19:55:38.092535+00,t,2026-03-17 20:21:35.890711+00,f,,50,2,payment_proofs/6a69ab40-d7b4-4a8d-a523-1f7a727ed55f/1000082187_c5Zi81X.png
65,payment_proofs/d287efdf-ba73-4fbd-9c20-434aa795229e/IMG_4369.png,2026-03-19 21:27:21.39095+00,t,2026-03-19 21:31:08.217488+00,f,,100,2,payment_proofs/d287efdf-ba73-4fbd-9c20-434aa795229e/IMG_4369_6bGI6QC.png
64,payment_proofs/b626ad02-c7dd-45c5-a8f0-1d132d2be5ea/IMG_5389.jpeg,2026-03-19 21:14:43.526963+00,t,2026-03-19 22:22:42.636033+00,f,,82,2,
67,payment_proofs/a6692632-7d0c-4da4-81c2-c2ef11a97bf3/IMG_2322.jpeg,2026-03-20 09:21:27.088093+00,t,2026-03-20 09:59:40.730901+00,f,,105,2,payment_proofs/a6692632-7d0c-4da4-81c2-c2ef11a97bf3/IMG_2322_XfhFE0E.jpeg
38,payment_proofs/3e2631b7-1eda-405f-8242-74f9fd7b6496/IMG_0809.jpeg,2026-03-18 09:03:31.544954+00,t,2026-03-18 09:17:38.595984+00,f,,55,2,
68,payment_proofs/046cd358-9a74-4b8d-832d-8a4807b69b37/1001400465.jpg,2026-03-20 10:36:45.154713+00,t,2026-03-20 10:50:31.377787+00,f,,106,2,
69,payment_proofs/dde7cc66-5b1c-4a90-bdf0-3cc2765499ab/IMG_0538.png,2026-03-20 13:05:10.963513+00,t,2026-03-20 13:27:16.864267+00,f,,111,2,
66,payment_proofs/4ac0a1f1-3807-44d8-a490-a9a36ed694ff/Screenshot_20260320-0327432.png,2026-03-20 02:28:31.159463+00,t,2026-03-20 13:42:07.889125+00,f,,104,2,
41,payment_proofs/1943240a-6253-44e3-aebb-bbf3a8abacbe/IMG_5147.jpeg,2026-03-18 12:31:56.123002+00,t,2026-03-18 12:35:20.095121+00,f,,59,2,
70,payment_proofs/8c527757-0e5d-408c-ba12-313eb505332c/Screenshot_20260320_175251_Messages.jpg,2026-03-20 16:53:27.789439+00,t,2026-03-20 16:56:37.95249+00,f,,112,2,
72,payment_proofs/966316ee-7788-4068-9c06-101351dd855e/Screenshot_20260320_202646_Adobe_Acrobat.jpg,2026-03-20 19:30:04.354966+00,t,2026-03-20 20:19:47.30237+00,f,,118,2,
75,payment_proofs/1258af5c-7157-4978-bf3a-08251873bb72/image.jpg,2026-03-20 21:55:40.524856+00,t,2026-03-20 21:56:36.332967+00,f,,123,2,payment_proofs/1258af5c-7157-4978-bf3a-08251873bb72/image_vnDtekO.jpg
76,payment_proofs/17fa6b37-aba5-4c11-8fc5-d6b80a72a16b/Screenshot_20260320-225713.jpg,2026-03-20 21:58:07.234838+00,t,2026-03-20 22:00:17.379111+00,f,,124,2,
77,payment_proofs/951bd920-edef-4437-9a33-973d319ee304/397019.png,2026-03-21 12:58:57.526731+00,t,2026-03-21 13:03:17.287636+00,f,,127,2,
78,payment_proofs/25ea812e-b7f5-4462-9d5a-99ae6fb24a97/IMG_3176.jpeg,2026-03-21 13:23:36.028008+00,t,2026-03-21 13:25:48.545407+00,f,,128,2,
134,payment_proofs/1572bcf0-9ba2-48f7-8718-edbb29bac530/Screen_kH2Lpmp.google.android.apps.messaging.jpg,2026-03-23 17:45:23.235563+00,t,2026-03-25 01:41:30.251189+00,f,,194,2,
286,payment_proofs/341b1c53-088f-42b0-8840-35bf01c6eab1/IMG_5239.png,2026-04-03 10:04:53.622134+00,t,2026-04-03 11:13:51.527758+00,f,,429,2,
80,payment_proofs/7acef185-611c-48e0-902f-f90aa9a23589/IMG_0444.jpeg,2026-03-21 15:54:46.708425+00,t,2026-03-21 16:00:28.584307+00,f,,130,2,
152,payment_proofs/7e51998d-8a1f-4587-aad6-44f586685063/1000674245.jpg,2026-03-25 10:52:14.550346+00,t,2026-03-25 12:16:45.976554+00,f,,235,2,
151,payment_proofs/fc142746-4a40-410a-b140-c7afc555ebc1/IMG_6135.jpeg,2026-03-25 10:43:40.809618+00,t,2026-03-25 12:28:21.125138+00,f,,232,2,
867,payment_proofs/32dd6e59-3411-4d96-b9de-24dbc321c828/1000246105.png,2026-06-02 07:51:41.705684+00,t,2026-06-02 08:27:08.155154+00,f,,1288,2,
375,payment_proofs/6c0ff018-238d-45d1-b873-d4f30da1ac9b/Screenshot_20260409_215641_Messages.jpg,2026-04-09 21:20:20.191202+00,t,2026-04-09 21:22:22.591718+00,f,,559,2,
378,payment_proofs/3c88a91b-5993-4a03-89a7-4cfb34a58507/Screenshot_20260410-1111092.jpg,2026-04-10 10:14:57.13904+00,t,2026-04-10 10:20:45.285753+00,f,,564,2,
155,payment_proofs/2a3a9564-79af-4d69-8058-6094df63684b/IMG_7046.jpeg,2026-03-25 16:54:17.783305+00,t,2026-03-25 17:07:33.999162+00,f,,241,2,
82,payment_proofs/9604fda2-a862-42f2-9c98-ac5c1e831af1/Screenshot_20260321-201733.jpg,2026-03-21 19:17:51.024935+00,t,2026-03-21 19:44:51.131651+00,f,,132,2,
383,payment_proofs/b4ab072b-801a-4ae1-80b9-50c2c1565de1/166068.jpg,2026-04-11 06:57:39.350103+00,t,2026-04-11 12:12:30.005523+00,f,,572,2,
156,payment_proofs/6ea4399a-bac6-499b-be76-9af964f9d15e/1000494950.jpg,2026-03-25 17:12:56.862089+00,t,2026-03-25 17:26:44.340039+00,f,,242,2,
570,payment_proofs/f38d6c51-df71-4b03-8156-5f6b66d7b264/1000065938.jpg,2026-04-28 06:18:59.617655+00,t,2026-04-28 10:14:38.464104+00,f,,852,2,
79,payment_proofs/c24bbea7-e82a-414e-a947-b6091a0b47e8/Screenshot_2026-_RHuwUgt.orange.myorange.ocm.jpg,2026-03-21 15:48:45.182783+00,t,2026-03-21 20:31:42.069361+00,f,,129,2,
157,payment_proofs/3ce5d4e4-0db7-48b8-bc98-0457f626eb7e/IMG_2563.jpeg,2026-03-25 18:06:20.621664+00,t,2026-03-25 18:10:05.699511+00,f,,243,2,
574,payment_proofs/56478753-57f8-475f-840d-d2fd89c4b159/IMG_0762.jpeg,2026-04-28 17:49:08.621248+00,t,2026-04-28 18:55:01.841008+00,f,,859,2,
158,payment_proofs/cea8194e-874f-4b80-b44c-7a0134c6256d/Screenshot_20260325-192842_Orange_Max_it.jpg,2026-03-25 18:29:28.081051+00,t,2026-03-25 18:33:24.661438+00,f,,244,2,
124,payment_proofs/aff51c4f-390e-463b-8100-0a03c35b8da9/IMG_3816.jpeg,2026-03-23 12:41:35.848591+00,t,2026-03-23 13:10:22.201964+00,f,,181,2,
154,payment_proofs/4129f64c-cd7a-4808-b1d5-9a4dede8fd9b/IMG_7041.jpeg,2026-03-25 14:02:48.034155+00,t,2026-03-25 18:51:56.124242+00,f,,238,2,
90,payment_proofs/dd775642-e447-475e-871c-c62843f37062/image.jpg,2026-03-22 00:20:51.339652+00,t,2026-03-22 00:49:40.114785+00,f,,143,2,
159,payment_proofs/8f144ecc-f3d0-4eb7-80a5-6bf6431b32f0/211219.png,2026-03-25 19:15:15.692931+00,t,2026-03-25 19:19:19.420243+00,f,,245,2,
108,payment_proofs/731a4e32-dca0-4d23-b665-52df4770045f/1000414168.jpg,2026-03-22 18:25:19.706553+00,t,2026-03-22 18:48:39.502062+00,f,,164,2,
160,payment_proofs/7f0bd4b3-a632-438b-b355-d3228eebc7db/211222.png,2026-03-25 19:18:41.434559+00,t,2026-03-25 19:20:25.77025+00,f,,246,2,
585,payment_proofs/64ee2b5e-afb5-410d-8dfc-bdad54166c31/1000107562.png,2026-04-29 08:44:23.001695+00,t,2026-04-29 09:21:39.395802+00,f,,868,2,
153,payment_proofs/14b6e5ae-fb5f-4d7d-bbbf-55a66e0d7e25/IMG_2022.jpeg,2026-03-25 13:21:49.678711+00,t,2026-03-26 09:50:42.564996+00,f,,236,2,
590,payment_proofs/5a47b635-ff0e-4726-960a-d8578d1b4dea/1000168065.jpg,2026-04-29 19:24:45.829726+00,t,2026-04-30 13:52:39.361355+00,f,,872,2,
594,payment_proofs/50ce04f3-4b00-4eaa-a186-1048f0500fc4/IMG_0100.jpeg,2026-04-30 18:35:32.98854+00,t,2026-04-30 18:37:53.620006+00,f,,884,2,
598,payment_proofs/23d696eb-b88a-45c4-af1a-8a89a69cb7ba/1000187351.jpg,2026-04-30 18:50:58.520012+00,t,2026-04-30 19:09:47.879422+00,f,,888,2,
611,payment_proofs/2e3f8b9c-a3bf-4054-bd7f-80711fe643e2/IMG_0609.jpeg,2026-05-01 12:55:03.535312+00,t,2026-05-01 12:57:00.902029+00,f,,905,2,
131,payment_proofs/70aad2e8-6045-4888-b13a-a5123d38faed/IMG_7665.png,2026-03-23 13:53:59.891056+00,t,2026-03-23 14:15:22.41222+00,f,,188,2,payment_proofs/70aad2e8-6045-4888-b13a-a5123d38faed/IMG_7665_iphqQx2.png
132,payment_proofs/78961e87-05ed-487b-8339-44f2740e9ed1/IMG_1444.jpeg,2026-03-23 15:40:14.810049+00,t,2026-03-23 15:55:58.261131+00,f,,192,2,payment_proofs/78961e87-05ed-487b-8339-44f2740e9ed1/IMG_1444_QpBYWB6.jpeg
133,payment_proofs/216cb11a-ae86-4dfd-8e42-3f545120d2d2/S_VUwN2AD.google.android.apps.messaging-edit.jpg,2026-03-23 15:59:33.130734+00,t,2026-03-23 16:03:22.982921+00,f,,193,2,
136,payment_proofs/890b0677-2eb1-4df3-b869-64844f7de606/a2b63dfc-b41a-4925-aaf0-d4673bdd7f76.jpeg,2026-03-23 18:42:07.924435+00,t,2026-03-23 19:17:59.108606+00,f,,202,2,payment_proofs/890b0677-2eb1-4df3-b869-64844f7de606/a2b63dfc-b41a-4925-aaf0-d4673bdd7f7_yb0gB0w.jpeg
141,payment_proofs/e496dfed-c867-4883-9cad-e4ba558547c3/IMG_7525.jpeg,2026-03-24 09:23:28.59879+00,t,2026-03-24 09:47:55.234643+00,f,,210,2,
142,payment_proofs/128cb13d-6d76-4517-a922-7211c36b20ad/IMG_6643.jpeg,2026-03-24 10:11:58.751597+00,t,2026-03-24 10:14:16.952537+00,f,,211,2,
143,payment_proofs/624e3a9b-2818-43dc-a3c6-a1b54786e675/IMG_5358.jpeg,2026-03-24 10:30:36.362448+00,t,2026-03-24 10:30:59.749408+00,f,,213,2,
140,payment_proofs/0e0f6f2d-8d52-4d40-bd73-87d72ec541fd/IMG_0625.jpeg,2026-03-24 09:17:07.714315+00,t,2026-03-24 10:37:10.357861+00,f,,209,2,payment_proofs/0e0f6f2d-8d52-4d40-bd73-87d72ec541fd/IMG_0625_5kz9o7w.jpeg
146,payment_proofs/75e07f4c-e84e-4f36-84b8-fec954d4bd0a/Screenshot_20260324_151421.jpg,2026-03-24 14:15:24.89176+00,t,2026-03-24 14:26:51.088952+00,f,,221,2,
144,payment_proofs/6e50363e-5cd0-4683-ac30-f4cffb687eca/IMG_1369.png,2026-03-24 12:00:20.528804+00,t,2026-03-24 15:49:27.09585+00,f,,215,2,
147,payment_proofs/06a54f90-a1ec-44c5-b46c-bc3f4ed1fffb/IMG_8442.png,2026-03-24 16:58:42.017775+00,t,2026-03-24 18:09:29.999242+00,f,,223,2,
148,payment_proofs/3696fde1-ab14-4db5-9b7d-acff62d8c94f/1000560941.jpg,2026-03-24 18:20:07.595275+00,t,2026-03-24 18:37:24.516843+00,f,,224,2,payment_proofs/3696fde1-ab14-4db5-9b7d-acff62d8c94f/1000560940.jpg
149,payment_proofs/f7e2c9c1-68f0-46e1-b258-1ec8e8594886/Screenshot_20260324-211256.jpg,2026-03-24 20:14:08.067456+00,t,2026-03-24 20:18:25.802159+00,f,,227,2,payment_proofs/f7e2c9c1-68f0-46e1-b258-1ec8e8594886/Screenshot_20260324-211256_6QgrK4q.jpg
150,payment_proofs/c9beacd4-318d-4622-8e08-1d846804169d/312793.jpg,2026-03-24 22:09:34.869255+00,t,2026-03-24 22:20:50.942775+00,f,,229,2,
287,payment_proofs/49ad1bb2-95a6-452a-b7cb-77de587bce6c/IMG_0358.jpeg,2026-04-03 11:52:06.745324+00,t,2026-04-03 11:53:39.446972+00,f,,430,2,
291,payment_proofs/939070ce-74d5-4e1c-ba8a-3bed02f191e2/IMG_5775.jpeg,2026-04-03 18:12:35.065909+00,t,2026-04-03 18:15:37.486206+00,f,,438,2,
163,payment_proofs/60e699ab-1270-4f84-a339-03eb60075fcc/1000157850.jpg,2026-03-25 20:01:08.340419+00,t,2026-03-25 20:16:59.252778+00,f,,249,2,
161,payment_proofs/1356d229-aec9-44f4-bf14-64d5eb27ad4e/1000157843.jpg,2026-03-25 19:49:26.975766+00,t,2026-03-25 20:17:09.842505+00,f,,247,2,
162,payment_proofs/357fb34d-39c0-4d47-b082-a974786c9530/1000157848.jpg,2026-03-25 19:54:20.609758+00,t,2026-03-25 20:19:01.425969+00,f,,248,2,
164,payment_proofs/b07154d1-35e1-435e-84da-c2ce9390fcb6/1000157852.jpg,2026-03-25 20:08:15.265358+00,t,2026-03-25 20:19:29.398133+00,f,,250,2,
575,payment_proofs/a95d7954-c439-4f17-8906-ded008a3723c/IMG_0763.jpeg,2026-04-28 17:55:00.917836+00,t,2026-04-28 18:55:03.325074+00,f,,860,2,
165,payment_proofs/7061e105-c1fc-4a28-bb37-fe4693b23658/IMG_1700.png,2026-03-25 21:22:44.921922+00,t,2026-03-25 21:25:08.381961+00,f,,252,2,
166,payment_proofs/89da6358-2dac-4c26-89b8-3830aeea86d5/133947.png,2026-03-26 07:06:20.58706+00,t,2026-03-26 07:53:35.513594+00,f,,255,2,
168,payment_proofs/9d965a67-ba2b-414a-86ca-e9f5d404c874/IMG_5506.png,2026-03-26 09:15:49.484763+00,t,2026-03-26 09:29:07.866358+00,f,,258,2,
169,payment_proofs/23ac3806-ecb9-4216-b0dc-fa8fe84b43c2/IMG_5507.png,2026-03-26 09:22:28.65323+00,t,2026-03-26 09:29:14.389133+00,f,,262,2,
614,payment_proofs/2da9179d-a778-41ef-9540-cfd50541475e/1000564937.jpg,2026-05-01 15:31:46.568188+00,t,2026-05-01 17:17:09.930837+00,f,,908,2,
171,payment_proofs/43c22dee-4518-4b63-8f8c-110734869ad2/IMG_20260309_192701.jpg,2026-03-26 09:38:50.888444+00,t,2026-03-26 09:42:13.641441+00,f,,266,2,
167,payment_proofs/2305070c-73f9-43fb-b61e-2df209c7a514/IMG_3842.jpeg,2026-03-26 08:12:57.330038+00,t,2026-03-26 09:55:22.193969+00,f,,256,2,
170,payment_proofs/cde4bdfc-9416-4e95-8402-219591e9d66d/IMG_5537.jpeg,2026-03-26 09:29:31.039155+00,t,2026-03-26 10:13:40.669875+00,f,,264,2,payment_proofs/cde4bdfc-9416-4e95-8402-219591e9d66d/IMG_5537_OapB0QY.jpeg
172,payment_proofs/a51a75cb-4ff3-4f69-b261-67be753bbef3/Screenshot_20260326-110900.png,2026-03-26 10:10:10.311169+00,t,2026-03-26 10:14:40.46963+00,f,,267,2,payment_proofs/a51a75cb-4ff3-4f69-b261-67be753bbef3/Screenshot_20260326-110852.png
177,payment_proofs/72728664-1bad-4e8e-9fbf-32a0cb373c9b/IMG_7740.jpeg,2026-03-26 11:44:42.907011+00,t,2026-03-26 11:53:44.808214+00,f,,272,2,
173,payment_proofs/77525511-e7ca-48d8-b703-1067eb1daefb/IMG_8864.png,2026-03-26 10:58:45.082122+00,t,2026-03-26 11:59:08.277033+00,f,,268,2,
179,payment_proofs/58bfc7ad-07ca-4a75-8be2-d1448200c419/1001104748.jpg,2026-03-26 13:22:49.386962+00,t,2026-03-26 16:09:16.932739+00,f,,275,2,
181,payment_proofs/5e1bf9fe-f5e0-49fe-9f08-be24355a32a3/1001053453.jpg,2026-03-26 13:39:00.369515+00,t,2026-03-26 16:10:59.94537+00,f,,277,2,
183,payment_proofs/dc6a9f99-fff4-4a5a-92cd-46b4896243cd/125947.png,2026-03-26 15:51:33.251319+00,t,2026-03-26 16:13:37.843221+00,f,,279,2,
184,payment_proofs/1e2b6213-6fd3-4cdd-a5a7-6bb88d4a3df1/image.jpg,2026-03-26 19:06:47.54212+00,t,2026-03-26 19:39:19.190656+00,f,,282,2,payment_proofs/1e2b6213-6fd3-4cdd-a5a7-6bb88d4a3df1/image_ruBqrBF.jpg
185,payment_proofs/14bc536a-1bc5-4d05-9330-200bcc0b631b/Screenshot_20260326-201049.png,2026-03-26 19:11:41.203609+00,t,2026-03-26 20:05:24.90074+00,f,,283,2,
187,payment_proofs/4f5466fa-ad7d-41b1-80ee-c800966fd53f/IMG_5774.png,2026-03-27 05:00:23.194723+00,t,2026-03-27 11:09:19.829936+00,f,,285,2,
188,payment_proofs/98a067e9-44a1-48d6-bf80-80d20235e781/Screenshot_20260327-120817.png,2026-03-27 11:20:53.949354+00,t,2026-03-27 12:53:38.121228+00,f,,288,2,
189,payment_proofs/3e077dac-aca8-419e-9767-c6dc5af59aa8/Screenshot_20260327_132602_Messages.jpg,2026-03-27 12:45:02.365222+00,t,2026-03-27 12:53:39.000778+00,f,,290,2,
190,payment_proofs/8e68ca34-09e3-42d6-a6b6-e668a02d7f43/1001471523.png,2026-03-27 14:10:25.187472+00,t,2026-03-27 15:09:44.121087+00,f,,292,2,
191,payment_proofs/ca978f23-7dd8-4ab7-b9c3-c214f93d321a/1001471612.jpg,2026-03-27 14:30:25.498762+00,t,2026-03-27 15:09:44.381994+00,f,,293,2,
192,payment_proofs/7fe0c603-b651-4e20-8668-9823afbc1a8f/IMG_5541.png,2026-03-27 15:45:23.160206+00,t,2026-03-27 16:17:48.295687+00,f,,296,2,
193,payment_proofs/05413bd5-d3aa-495b-b7f0-04190402fab4/IMG_3558.jpeg,2026-03-27 15:51:02.584398+00,t,2026-03-27 16:29:48.618684+00,f,,297,2,
194,payment_proofs/11afc830-4fbc-4a18-8583-877255cde4fe/IMG_7678.jpeg,2026-03-27 19:02:28.564169+00,t,2026-03-27 19:15:15.283666+00,f,,299,2,
196,payment_proofs/7756b709-ab65-4e91-a42a-70c5b683d4c8/1000270656.png,2026-03-28 14:36:12.149885+00,t,2026-03-28 15:06:02.001804+00,f,,312,2,
197,payment_proofs/d5831ab0-6559-441b-be65-a27871b44e11/IMG_7104.png,2026-03-28 15:09:02.908221+00,t,2026-03-28 15:12:07.656724+00,f,,313,2,
198,payment_proofs/d368a478-9277-47f7-ad45-9a677eaf5e7b/IMG_7310.jpeg,2026-03-28 15:10:00.172037+00,t,2026-03-28 15:20:01.400946+00,f,,314,2,
201,payment_proofs/0e2176d4-ea98-4856-a6bd-2ca13ea2580d/17747120314622316710794997340924.jpg,2026-03-28 15:34:31.530305+00,t,2026-03-28 15:38:29.545519+00,f,,317,2,
200,payment_proofs/623879d5-fd9c-4b6c-9bdc-4d38b59f6959/17747118494496260644695911288202.jpg,2026-03-28 15:31:19.262819+00,t,2026-03-28 15:38:35.592854+00,f,,316,2,
202,payment_proofs/8c8241b6-b8d1-4f25-aa02-c0b95d36263a/17747128230566904267964215407262.jpg,2026-03-28 15:47:28.794773+00,t,2026-03-28 15:52:14.898144+00,f,,318,2,
199,payment_proofs/4c0229fc-3695-4047-8979-e1d4fc81df2c/5504.png,2026-03-28 15:30:58.334379+00,t,2026-03-28 15:58:03.153115+00,f,,315,2,
204,payment_proofs/596664af-4b48-4398-8d8d-3112bbee9ce8/Screenshot_20260328_204408_Messages.jpg,2026-03-28 19:44:39.371369+00,t,2026-03-28 20:11:14.477956+00,f,,325,2,
203,payment_proofs/2248e2ff-34ea-44ff-8cf9-d34ed585df81/IMG_8410.png,2026-03-28 16:23:53.109526+00,t,2026-03-28 20:32:07.252158+00,f,,320,2,
205,payment_proofs/044dcc84-67d7-4796-ba54-094c02012b3e/1000254993.png,2026-03-28 19:49:35.989432+00,t,2026-03-28 21:04:31.41515+00,f,,326,2,payment_proofs/044dcc84-67d7-4796-ba54-094c02012b3e/1000254993_geuQ3dL.png
206,payment_proofs/1b5abee7-69f4-4bf2-ab48-0140006f54c4/IMG_8038.jpeg,2026-03-28 21:21:18.748+00,t,2026-03-28 21:27:18.133378+00,f,,327,2,payment_proofs/1b5abee7-69f4-4bf2-ab48-0140006f54c4/IMG_8038_DyGLQGj.jpeg
195,payment_proofs/58e62c18-8881-4f25-9915-08a23868f13a/1000096207.png,2026-03-28 12:25:37.355094+00,t,2026-03-28 21:40:26.042705+00,f,,304,2,
207,payment_proofs/5e34cacd-43a3-41a1-8dc0-8719936df32e/IMG_8038.jpeg,2026-03-28 21:39:35.386443+00,t,2026-03-28 21:40:41.920944+00,f,,329,2,payment_proofs/5e34cacd-43a3-41a1-8dc0-8719936df32e/IMG_8038_ubNHAQc.jpeg
208,payment_proofs/60ea8fd0-9a47-429f-aa33-cf42efb9a785/IMG_1512.jpeg,2026-03-28 22:04:23.954387+00,t,2026-03-28 22:06:58.167888+00,f,,332,2,
571,payment_proofs/c8f565b1-449f-4855-8605-fa99378d90b0/1000066043.jpg,2026-04-28 09:32:06.791407+00,t,2026-04-28 10:14:37.382121+00,f,,853,2,payment_proofs/c8f565b1-449f-4855-8605-fa99378d90b0/1000066043_JYxTkYW.jpg
288,payment_proofs/66b65f23-4254-46f5-ba3d-84169ead24bc/IMG_2009.png,2026-04-03 12:42:58.745617+00,t,2026-04-03 13:30:46.281286+00,f,,431,2,
706,payment_proofs/74a65b49-f628-4344-a45e-fc8a70edd3c2/IMG_3147.jpeg,2026-05-12 10:59:22.943002+00,t,2026-05-12 11:32:13.043996+00,f,,1043,2,payment_proofs/74a65b49-f628-4344-a45e-fc8a70edd3c2/IMG_3147_xSpnwLm.jpeg
292,payment_proofs/4be5feaf-ae25-4a75-9a2b-4246fb38f01a/IMG_2121.png,2026-04-03 18:28:39.489376+00,t,2026-04-03 18:29:17.006795+00,f,,441,2,
295,payment_proofs/35a5a57c-cbb4-4379-86c9-a64c77e72863/99904.png,2026-04-03 20:32:15.20141+00,t,2026-04-03 20:33:33.215247+00,f,,447,2,
709,payment_proofs/8d7299d2-45f5-4263-aeda-d5ab454fbb91/1000175361.jpg,2026-05-13 16:39:31.260237+00,t,2026-05-13 17:06:00.885775+00,f,,1056,2,payment_proofs/8d7299d2-45f5-4263-aeda-d5ab454fbb91/1000175361_Rj4GoeC.jpg
224,payment_proofs/baa048fa-8407-4e99-b39f-c9c6da90be95/IMG_1158.png,2026-03-29 13:17:06.595044+00,t,2026-03-29 13:21:47.309452+00,f,,338,2,
223,payment_proofs/25fcf3c7-dde2-44b0-af19-76aba5b31374/1000377919.png,2026-03-29 13:07:08.97105+00,t,2026-03-29 13:23:54.228704+00,f,,337,2,
222,payment_proofs/c85f503d-3da9-4603-a7f1-f1b00c1cf176/1000377918.png,2026-03-29 13:05:02.556909+00,t,2026-03-29 13:38:52.065205+00,f,,336,2,
298,payment_proofs/21cbc14d-4dd6-4fee-a743-078cb0ac3ee7/IMG_1071.png,2026-04-03 22:31:45.180218+00,t,2026-04-03 22:33:54.607886+00,f,,452,2,
713,payment_proofs/f4ec5f44-c6c2-49bc-8dcc-7f843b146fee/1000000162.png,2026-05-14 10:00:56.909075+00,t,2026-05-14 10:02:24.850523+00,f,,1065,2,payment_proofs/f4ec5f44-c6c2-49bc-8dcc-7f843b146fee/1000000162_nuXYOL8.png
229,payment_proofs/559a44c6-0350-46e8-a562-8ae8f7e10072/IMG_4149.jpeg,2026-03-29 15:26:20.381906+00,t,2026-03-29 16:02:46.486217+00,f,,340,2,
218,payment_proofs/1157a240-cc86-4e27-96d8-86816b18860c/IMG-20260328-WA0007.jpg,2026-03-28 22:15:45.956434+00,t,2026-03-28 22:24:24.074562+00,f,,331,2,payment_proofs/1157a240-cc86-4e27-96d8-86816b18860c/IMG-20260328-WA0007_9tlRIpy.jpg
232,payment_proofs/9f8bc72e-a624-481f-9b00-6ab659a4dfcd/IMG_0573.jpeg,2026-03-29 16:43:41.956318+00,t,2026-03-29 16:44:23.818215+00,f,,345,2,
233,payment_proofs/1be2db28-e1d9-44b6-ae82-f568fba6cf17/IMG_0574.jpeg,2026-03-29 16:45:21.48774+00,t,2026-03-29 16:46:43.007479+00,f,,346,2,
234,payment_proofs/8e12775a-a45f-415c-92f7-e47a8ac64d42/IMG_0575.jpeg,2026-03-29 16:46:54.313608+00,t,2026-03-29 16:47:17.289864+00,f,,347,2,
235,payment_proofs/20360ada-c74e-473f-b8ab-5e40ef684cb8/IMG_0576.jpeg,2026-03-29 16:48:24.850401+00,t,2026-03-29 16:49:13.704409+00,f,,348,2,
236,payment_proofs/252cc4c5-9502-4602-8d6a-b53c03f99c1a/IMG_0578.jpeg,2026-03-29 16:51:41.68588+00,t,2026-03-29 16:52:43.516828+00,f,,349,2,
240,payment_proofs/7838fd2f-d294-4250-a0b2-6836672c5605/IMG_6452.jpeg,2026-03-30 11:37:56.60473+00,t,2026-03-30 11:41:02.77517+00,f,,355,2,payment_proofs/7838fd2f-d294-4250-a0b2-6836672c5605/IMG_6452_dAkGKNU.jpeg
239,payment_proofs/8ada9303-eb02-4584-940d-de95b25b6c4c/1001016084.jpg,2026-03-30 06:42:53.808795+00,t,2026-03-30 12:00:05.242795+00,f,,354,2,payment_proofs/8ada9303-eb02-4584-940d-de95b25b6c4c/1001016084_qVqm8ly.jpg
230,payment_proofs/1001aa9e-11b3-489d-9fd0-89193e937a17/1774799770297570197931834332883.jpg,2026-03-29 15:57:08.34501+00,t,2026-03-30 12:21:07.332621+00,f,,341,2,
249,payment_proofs/e5c15c53-ff63-4ac7-9dd2-9d01c1cd938b/434922.png,2026-03-30 16:07:31.998466+00,t,2026-03-30 17:22:00.707648+00,f,,368,2,
251,payment_proofs/66b36787-5ea5-41f4-a8f6-e4b068cc4e52/1000037907.jpg,2026-03-30 19:17:22.267898+00,t,2026-03-30 19:19:45.343148+00,f,,370,2,payment_proofs/66b36787-5ea5-41f4-a8f6-e4b068cc4e52/1000037908.jpg
252,payment_proofs/15d15b94-20b4-4903-bd0a-da166c7c8fa3/1000037907.jpg,2026-03-30 19:18:56.621247+00,t,2026-03-30 19:19:46.585186+00,f,,371,2,payment_proofs/15d15b94-20b4-4903-bd0a-da166c7c8fa3/1000037908.jpg
254,payment_proofs/acf64b66-3ce2-4a44-9ae2-40070bc06327/1000122080.heic,2026-03-30 19:34:12.553713+00,t,2026-03-30 19:43:09.323615+00,f,,374,2,payment_proofs/acf64b66-3ce2-4a44-9ae2-40070bc06327/1000122080_oTCW7rb.heic
253,payment_proofs/3f65b622-43cd-4c6a-af3b-91768d890f75/image.jpg,2026-03-30 19:29:26.115441+00,t,2026-03-30 19:43:10.845045+00,f,,373,2,payment_proofs/3f65b622-43cd-4c6a-af3b-91768d890f75/image_sf5eogU.jpg
255,payment_proofs/a1ca3cab-7bea-4e20-b8df-f247f1df50df/1000122142.heic,2026-03-30 19:49:57.941236+00,t,2026-03-30 19:52:41.499182+00,f,,378,2,
256,payment_proofs/d8f28850-8561-4fd6-9767-5b9ae09c86d9/IMG_2159.jpeg,2026-03-30 20:26:19.530802+00,t,2026-03-30 20:28:07.850627+00,f,,386,2,
257,payment_proofs/f2c13d04-2994-4570-8567-40a6942de102/Screenshot_20260330_214935_Samsung_Internet.jpg,2026-03-30 20:52:10.523029+00,t,2026-03-30 20:53:25.364128+00,f,,382,2,payment_proofs/f2c13d04-2994-4570-8567-40a6942de102/Screenshot_20260330_214843_Gallery.jpg
258,payment_proofs/e68f0224-be2c-4af7-9f87-5205e78204b8/1000003685.png,2026-03-30 20:59:45.231344+00,t,2026-03-30 21:02:58.577404+00,f,,389,2,
250,payment_proofs/35354fe8-23b4-4d62-b0dc-07e08fd24aeb/1000037899.jpg,2026-03-30 19:03:21.379199+00,t,2026-03-30 21:24:59.994757+00,f,,369,2,
259,payment_proofs/b57fa56e-931d-433b-a550-ea12f79ea114/Screenshot_20260330-2221222.jpg,2026-03-30 21:22:47.095151+00,t,2026-03-30 21:25:13.93457+00,f,,390,2,
260,payment_proofs/ec9a0519-8fa1-4024-89d3-e19d773499c2/6358.png,2026-03-31 07:26:03.605318+00,t,2026-03-31 07:31:31.512235+00,f,,392,2,
262,payment_proofs/e781d270-94a5-498f-9e37-0b633eed6b2f/IMG_1200.jpeg,2026-03-31 12:09:01.765869+00,t,2026-03-31 13:53:52.309421+00,f,,395,2,
261,payment_proofs/be0522e7-31ff-44fb-acc6-4ebad3caaaae/IMG_3730.jpeg,2026-03-31 12:05:06.516954+00,t,2026-03-31 14:31:15.972398+00,f,,394,2,
265,payment_proofs/aca77b2f-80bb-4996-be59-1084e16b0b2b/IMG_1368.png,2026-03-31 16:59:38.740055+00,t,2026-03-31 17:01:08.632113+00,f,,401,2,
264,payment_proofs/06de376a-dd69-4419-885f-b3a8e891e36a/1000608217.jpg,2026-03-31 16:44:07.492415+00,t,2026-03-31 17:06:10.182093+00,f,,400,2,
266,payment_proofs/58d64181-45a2-4bb3-8192-0e009c4afd29/IMG_8639.jpeg,2026-03-31 18:35:29.420187+00,t,2026-03-31 21:01:44.053467+00,f,,404,2,
267,payment_proofs/24575c42-b9e1-4475-8136-47d53b8f6ddd/1000211920.jpg,2026-04-01 16:56:34.04192+00,t,2026-04-01 17:24:25.91878+00,f,,406,2,payment_proofs/24575c42-b9e1-4475-8136-47d53b8f6ddd/1000211920_uWvrUHN.jpg
271,payment_proofs/0a78d88e-cf67-4a9e-9d01-a04d14fb1a28/Screenshot_20260401_192735_Messages.jpg,2026-04-01 18:31:09.150089+00,t,2026-04-01 18:39:46.811647+00,f,,410,2,
272,payment_proofs/ca6cb76a-6f7e-4df6-bccd-8851a0c79900/1000204013.png,2026-04-01 19:27:37.631135+00,t,2026-04-01 19:31:39.608809+00,f,,411,2,
273,payment_proofs/c7fac325-c306-49f8-9f12-153e524a1615/IMG_6332.jpeg,2026-04-01 20:01:06.569291+00,t,2026-04-01 20:02:45.634385+00,f,,413,2,
289,payment_proofs/2cab7087-7e14-4692-9e4b-c3926b6dacf6/61015.jpg,2026-04-03 13:10:53.386739+00,t,2026-04-03 13:30:48.511119+00,f,,433,2,payment_proofs/2cab7087-7e14-4692-9e4b-c3926b6dacf6/61015_iYeuT8X.jpg
373,payment_proofs/ddbf1d34-2d6d-480f-b4f4-e381a835f786/1000061286.jpg,2026-04-09 18:06:51.450484+00,t,2026-04-09 18:13:43.552489+00,f,,557,2,payment_proofs/ddbf1d34-2d6d-480f-b4f4-e381a835f786/1000061286_SPW4ovG.jpg
293,payment_proofs/682e100b-ae48-4be0-bf1a-51a3b6971734/IMG_6273.png,2026-04-03 18:37:34.14621+00,t,2026-04-03 18:38:15.441884+00,f,,442,2,
296,payment_proofs/17bd6f95-a14e-467d-92da-c9551702a325/1001025247.jpg,2026-04-03 21:08:35.440128+00,t,2026-04-03 21:14:51.824187+00,f,,448,2,
376,payment_proofs/fd06625c-85f6-46bd-9972-e3f0ab3beee3/image.jpg,2026-04-09 21:34:57.799174+00,t,2026-04-09 21:44:31.384723+00,f,,560,2,
299,payment_proofs/c8947eeb-3e04-4ea9-b050-742b39a7f760/IMG_1081.png,2026-04-03 22:57:22.649897+00,t,2026-04-03 23:01:13.024958+00,f,,455,2,
377,payment_proofs/b9c63453-6752-4b4e-833c-5b7df84b499f/1000061638.jpg,2026-04-10 09:55:09.009355+00,t,2026-04-10 10:20:52.733754+00,f,,561,2,
1320,payment_proofs/093160ab-c03d-480d-82d2-fd7d956b53f3/1000569141.jpg,2026-07-11 20:18:24.035879+00,t,2026-07-12 10:29:06.487814+00,f,,2065,2,
301,payment_proofs/25d1a254-cd77-4e6c-9b30-adcb6d952f2d/2AA02B8B-F719-433B-A3FB-C3D703C8D466.jpeg,2026-04-04 09:05:43.973408+00,t,2026-04-04 09:24:04.183482+00,f,,457,2,
304,payment_proofs/2d7c8df6-55ec-468c-a1ac-9e8f5e243672/0C57F919-9A4A-402D-830B-816D79A850AF.jpeg,2026-04-04 09:23:37.738269+00,t,2026-04-04 09:29:05.090484+00,f,,460,2,
380,payment_proofs/d57f2f61-0c7b-4b02-acc5-f4cdf9fa9ea0/IMG_1240.jpeg,2026-04-10 13:20:13.98773+00,t,2026-04-10 17:16:43.078568+00,f,,567,2,payment_proofs/d57f2f61-0c7b-4b02-acc5-f4cdf9fa9ea0/IMG_1240_ClqsZL7.jpeg
309,payment_proofs/ca684c6a-0f1f-43c1-8611-9943839310bf/IMG_3226.png,2026-04-04 12:49:15.163678+00,t,2026-04-04 13:09:38.234314+00,f,,466,2,payment_proofs/ca684c6a-0f1f-43c1-8611-9943839310bf/IMG_3226_XtS3Lb3.png
311,payment_proofs/aa2ad104-fa53-437c-97ce-855390632e1a/40925.jpg,2026-04-04 18:13:31.690775+00,t,2026-04-04 18:19:43.402413+00,f,,471,2,payment_proofs/aa2ad104-fa53-437c-97ce-855390632e1a/40925_9XWRvvm.jpg
381,payment_proofs/079e822b-f8ff-4ce4-b497-8cc1c8d13dbe/1001112972.jpg,2026-04-10 16:40:30.773037+00,t,2026-04-10 18:36:25.917281+00,f,,568,2,payment_proofs/079e822b-f8ff-4ce4-b497-8cc1c8d13dbe/1001112972_EvJChve.jpg
315,payment_proofs/0f27c52f-20f3-4517-8e57-47f9d07a747d/1000093318.png,2026-04-05 13:50:22.292143+00,t,2026-04-05 13:53:43.356888+00,f,,477,2,
382,payment_proofs/e8c13078-7b80-41d7-ba1b-814edc0d28ad/89A83FCA-DF14-407C-99D2-5558CBDB05AF.jpeg,2026-04-10 20:22:35.410847+00,t,2026-04-10 20:26:28.076905+00,f,,569,2,payment_proofs/e8c13078-7b80-41d7-ba1b-814edc0d28ad/268ACB4A-6AB1-4F3B-A889-28297548AEFD.jpeg
317,payment_proofs/87efb270-b34e-414f-94ef-464b98fe8d50/IMG_5334.jpeg,2026-04-05 14:35:12.128582+00,t,2026-04-05 14:37:19.102611+00,f,,480,2,payment_proofs/87efb270-b34e-414f-94ef-464b98fe8d50/IMG_5334_SQ1aS4N.jpeg
384,payment_proofs/8296cb16-4633-444f-8225-1d033dff8bd3/17759072283741305728250587217121.jpg,2026-04-11 11:34:30.365591+00,t,2026-04-11 12:25:49.782098+00,f,,574,2,payment_proofs/8296cb16-4633-444f-8225-1d033dff8bd3/17759071490871822237005266949915.jpg
385,payment_proofs/a8ff87cd-9722-48ff-bd71-2c4df8c57c8c/IMG_7360.jpeg,2026-04-11 13:00:59.787685+00,t,2026-04-11 13:01:24.093728+00,f,,577,2,
495,payment_proofs/0dede361-a216-4bbd-9904-e5e87a9a49b2/IMG_3452.png,2026-04-21 21:05:07.778239+00,t,2026-04-21 21:07:10.749394+00,f,,769,2,
325,payment_proofs/dd8d8e24-35da-42b9-b8aa-dfe41fea269a/Screenshot_20260405_182023.jpg,2026-04-05 17:21:03.537804+00,t,2026-04-05 17:49:35.225895+00,f,,488,2,payment_proofs/dd8d8e24-35da-42b9-b8aa-dfe41fea269a/Screenshot_20260405_182023_ZH2V6ou.jpg
327,payment_proofs/4c174065-f57a-4de6-a3e8-170fd0799d57/Screenshot_20260405_183346_Messages.jpg,2026-04-05 17:51:14.207+00,t,2026-04-05 17:54:09.788454+00,f,,493,2,
500,payment_proofs/8d47a2e9-82d0-467f-9ef6-1867910ade23/1000538599.jpg,2026-04-22 05:51:23.916521+00,t,2026-04-22 12:30:17.185823+00,f,,775,2,
329,payment_proofs/df686a8f-1897-49e8-af82-942cdee145ab/IMG_6176.png,2026-04-05 20:42:36.93131+00,t,2026-04-05 20:47:42.252614+00,f,,496,2,payment_proofs/df686a8f-1897-49e8-af82-942cdee145ab/IMG_6177.png
331,payment_proofs/81eb551a-3ce5-4685-b9c1-5de85636d0b0/Screenshot_20260406_112119_Messages.jpg,2026-04-06 10:35:19.068544+00,t,2026-04-06 10:42:51.469824+00,f,,500,2,
335,payment_proofs/6d173d3d-0120-4edf-a0a4-348096a69bf5/1000141459.png,2026-04-06 14:10:51.843095+00,t,2026-04-06 14:12:59.614601+00,f,,506,2,
337,payment_proofs/3ca91eb9-68af-44ae-87d7-13ce68e37cda/1000282033.jpg,2026-04-06 18:05:44.893728+00,t,2026-04-06 19:44:36.63589+00,f,,511,2,
339,payment_proofs/c77c8150-5088-4808-b73f-95b594b07f75/IMG_1203.png,2026-04-06 23:08:39.052576+00,t,2026-04-06 23:13:05.082365+00,f,,513,2,
341,payment_proofs/90e137e4-43b6-465a-b968-56bc9e4cfb70/114465.jpg,2026-04-07 11:38:27.867716+00,t,2026-04-07 11:42:42.881485+00,f,,515,2,
343,payment_proofs/d650effd-64da-427e-8912-ea53294c4366/114504.jpg,2026-04-07 11:40:05.416041+00,t,2026-04-07 11:43:01.254464+00,f,,517,2,
345,payment_proofs/5a42bfa6-acda-4c38-bfaf-219126d1e432/114638.jpg,2026-04-07 12:00:53.910042+00,t,2026-04-07 12:04:55.104096+00,f,,519,2,
347,payment_proofs/10319760-4e01-45a6-bd0d-e403b84366a2/image.jpg,2026-04-07 16:14:23.202347+00,t,2026-04-07 16:17:07.622007+00,f,,521,2,
349,payment_proofs/41714b5c-3b61-4c7c-a889-ba772bc38187/image.jpg,2026-04-07 22:00:16.19664+00,t,2026-04-07 22:09:52.474621+00,f,,526,2,
353,payment_proofs/ace0adb0-83e4-4fdf-9c55-4f26989b5ce8/IMG_0803.jpeg,2026-04-08 12:32:42.485008+00,t,2026-04-08 12:35:43.875403+00,f,,534,2,
355,payment_proofs/5c149834-a548-474c-8d54-5da6478d12c8/image.jpg,2026-04-08 13:23:57.438092+00,t,2026-04-08 15:16:38.609221+00,f,,536,2,payment_proofs/5c149834-a548-474c-8d54-5da6478d12c8/image_O65EDew.jpg
363,payment_proofs/2f1a3b3b-d48c-45fe-bfa7-2278bc2bb99e/IMG_4435.png,2026-04-09 10:20:37.668583+00,t,2026-04-09 10:21:53.225177+00,f,,547,2,
361,payment_proofs/2e35011d-5679-4c28-a18c-40d5555f8eee/IMG_4434.png,2026-04-09 10:15:10.951498+00,t,2026-04-09 10:30:25.774622+00,f,,545,2,
357,payment_proofs/cd947a5f-b547-497b-9f0f-0cb73aaddb92/1000919578.jpg,2026-04-09 06:22:16.835091+00,t,2026-04-09 11:27:33.937831+00,f,,541,2,
371,payment_proofs/f466a346-7a75-4bd8-86df-71a5a618ff20/1000000482.jpg,2026-04-09 16:33:20.316067+00,t,2026-04-09 16:41:26.826845+00,f,,553,2,
369,payment_proofs/b2fa29fc-31a7-403e-8f36-0446a2ffd940/Screenshot_20260409_171009_Orange_Money.jpg,2026-04-09 16:12:28.322841+00,t,2026-04-09 17:02:07.993395+00,f,,551,2,
370,payment_proofs/ad859603-f0a8-433d-9d72-a079e75a6b25/Screenshot_20260409_171009_Orange_Money.jpg,2026-04-09 16:13:28.447112+00,t,2026-04-09 17:02:17.196031+00,f,,552,2,
367,payment_proofs/dcb14189-08f6-4155-972e-01417337bee5/Screenshot_20260409_171009_Orange_Money.jpg,2026-04-09 16:11:15.082037+00,t,2026-04-09 17:27:10.60954+00,f,,549,2,
274,payment_proofs/82890754-b867-4b5c-b73b-385eb7303b81/1000002804.jpg,2026-04-02 12:22:14.963528+00,t,2026-04-02 12:31:32.590995+00,f,,417,2,
366,payment_proofs/5b658008-64d1-4dd8-b34f-21443b7ad1a2/Screenshot_20260409_171009_Orange_Money.jpg,2026-04-09 16:10:46.643279+00,t,2026-04-09 17:30:56.712083+00,f,,548,2,
290,payment_proofs/e60164c6-27a2-4ceb-b0c5-55c33c062650/IMG_4336.jpeg,2026-04-03 17:21:59.158267+00,t,2026-04-03 17:28:38.873344+00,f,,435,2,payment_proofs/e60164c6-27a2-4ceb-b0c5-55c33c062650/IMG_4336_A0HgQim.jpeg
279,payment_proofs/f4a71f5a-00e7-4384-ac8a-a606d5fe5eed/1000302538.png,2026-04-02 16:19:53.978756+00,t,2026-04-02 16:22:55.746935+00,f,,419,2,
280,payment_proofs/ce97a588-88df-4d9c-b74a-6d9af2b1bc1c/1000302543.png,2026-04-02 16:21:33.057388+00,t,2026-04-02 16:23:10.005744+00,f,,420,2,
356,payment_proofs/f95fe5c9-5140-4ebc-b1e3-7ae5bda67697/1000294508.jpg,2026-04-08 18:14:04.752784+00,t,2026-04-09 18:01:03.234179+00,f,,539,2,
281,payment_proofs/0a09d95e-5b5a-4ddf-a478-c7a534bdd6e5/116862.png,2026-04-02 18:01:56.513255+00,t,2026-04-02 18:08:10.65656+00,f,,421,2,
294,payment_proofs/cd03133b-258d-4ef1-8fa5-241e83aaf827/IMG_3672.png,2026-04-03 18:56:17.287647+00,t,2026-04-03 18:58:05.083753+00,f,,443,2,
282,payment_proofs/6ad8d6c4-7fa6-4c27-b685-6ababddf46b5/1000085360.jpg,2026-04-02 18:30:23.531509+00,t,2026-04-02 18:34:16.577894+00,f,,422,2,
297,payment_proofs/dd9ca92e-f710-48e2-997f-7d9bd179fe40/1001025247.jpg,2026-04-03 21:11:11.12088+00,t,2026-04-03 21:13:47.338919+00,f,,449,2,
283,payment_proofs/9cbca40d-32ca-458c-b3e1-118eb1ce822f/IMG_9693.png,2026-04-02 19:19:33.267336+00,t,2026-04-02 19:31:34.815414+00,f,,423,2,payment_proofs/9cbca40d-32ca-458c-b3e1-118eb1ce822f/IMG_9694.png
374,payment_proofs/97456538-e78c-4b3c-9361-49bef9ddfeb0/Screenshot_20260409_191746_Orange_Money.jpg,2026-04-09 18:19:11.429331+00,t,2026-04-09 18:28:59.809591+00,f,,558,2,
284,payment_proofs/5ff4e081-a8de-4fd7-b5bb-5fae3f0b7f8f/IMG_4418.jpeg,2026-04-02 20:46:53.78414+00,t,2026-04-02 20:49:14.02544+00,f,,425,2,
285,payment_proofs/969ef5ba-0901-45eb-931b-52b16abf56cf/IMG_4423.jpeg,2026-04-02 22:13:39.13621+00,t,2026-04-02 22:15:15.764151+00,f,,428,2,
300,payment_proofs/f03ec794-5d4f-4028-97da-7c37af9887b7/IMG_1082.png,2026-04-03 23:03:11.949552+00,t,2026-04-03 23:04:19.582354+00,f,,456,2,
305,payment_proofs/1795f70e-084b-40ab-87fc-92eb8b48750b/IMG_1292.png,2026-04-04 09:24:01.749981+00,t,2026-04-04 09:26:31.555902+00,f,,461,2,
303,payment_proofs/d848c667-ab97-457c-a5c4-f0f94b53b479/IMG_1292.png,2026-04-04 09:22:51.618723+00,t,2026-04-04 09:26:34.418291+00,f,,459,2,
308,payment_proofs/eef01deb-2073-42ba-bbdb-949defcd66d9/IMG_2283.png,2026-04-04 11:11:53.713783+00,t,2026-04-04 13:09:33.957924+00,f,,465,2,
310,payment_proofs/4c1166d7-c0e1-401a-8a91-86594ee77b71/Screenshot_20260404_153249_Messages.jpg,2026-04-04 14:33:29.832584+00,t,2026-04-04 14:35:32.108626+00,f,,467,2,
616,payment_proofs/849c9793-6319-4a37-b264-f40dc7fe22d0/IMG_0874.jpeg,2026-05-01 21:59:55.456514+00,t,2026-05-01 22:00:29.648537+00,f,,914,2,
314,payment_proofs/45fb9b6a-fda1-4d91-a6d8-8f1b9d49795b/IMG_8354.png,2026-04-04 19:19:34.049948+00,t,2026-04-04 19:22:21.970392+00,f,,475,2,payment_proofs/45fb9b6a-fda1-4d91-a6d8-8f1b9d49795b/IMG_8354_ogND2NV.png
316,payment_proofs/3c36132f-4d32-4a1c-96db-affad91a6077/1000206506.png,2026-04-05 14:16:17.105104+00,t,2026-04-05 14:16:56.159+00,f,,479,2,
318,payment_proofs/64ea2511-3003-4e9b-9ea1-941d6ef9fc1d/IMG_5334.jpeg,2026-04-05 14:35:45.567488+00,t,2026-04-05 14:39:29.319133+00,f,,481,2,
320,payment_proofs/ad9e8a6e-7e9a-4a02-841b-6a78eaa30322/image.jpg,2026-04-05 14:50:43.726706+00,t,2026-04-05 14:53:27.507245+00,f,,483,2,payment_proofs/ad9e8a6e-7e9a-4a02-841b-6a78eaa30322/image_7m8v3cO.jpg
326,payment_proofs/cd6cbd55-0c30-44ac-9e7d-b2184fe41744/1000190004.png,2026-04-05 17:38:03.76564+00,t,2026-04-05 17:49:55.427298+00,f,,492,2,payment_proofs/cd6cbd55-0c30-44ac-9e7d-b2184fe41744/1000190004_7oA0fS4.png
328,payment_proofs/bf2de491-57ca-43ad-8330-a2bb0ff32eb4/IMG_6938.jpeg,2026-04-05 20:00:45.119152+00,t,2026-04-05 20:24:16.269535+00,f,,495,2,payment_proofs/bf2de491-57ca-43ad-8330-a2bb0ff32eb4/IMG_6938_vsNzN76.jpeg
330,payment_proofs/35f57f54-841f-4b08-94cc-b9498923b868/IMG_6183.png,2026-04-05 20:55:44.188499+00,t,2026-04-05 20:56:58.314209+00,f,,497,2,payment_proofs/35f57f54-841f-4b08-94cc-b9498923b868/IMG_6184.png
332,payment_proofs/ebbb6bda-e2b0-4997-b31a-5fa991445e7f/Screenshot_20260406_112119_Messages.jpg,2026-04-06 10:38:01.440267+00,t,2026-04-06 10:42:51.344781+00,f,,501,2,
334,payment_proofs/347f0164-c907-4966-b754-3589b2c80ca1/IMG_4191.png,2026-04-06 12:16:39.694269+00,t,2026-04-06 12:17:38.254407+00,f,,504,2,
336,payment_proofs/851514fa-5c24-4236-9b2b-bb92b27bcf79/IMG_6503.jpeg,2026-04-06 17:26:45.904655+00,t,2026-04-06 17:27:27.320808+00,f,,510,2,
338,payment_proofs/e82c14cc-46ee-4340-b88a-08ced69fe08b/1000282033.jpg,2026-04-06 18:06:07.164559+00,t,2026-04-06 19:42:38.973221+00,f,,512,2,
340,payment_proofs/0d9f4f64-70e4-425a-8946-d84afdaa1b9c/IMG_9332.jpeg,2026-04-06 23:10:40.704715+00,t,2026-04-06 23:13:08.343485+00,f,,514,2,
342,payment_proofs/08070f8d-b00b-46ac-b518-e47a324b670c/114469.jpg,2026-04-07 11:39:21.49491+00,t,2026-04-07 11:42:05.867817+00,f,,516,2,
344,payment_proofs/30212718-49e8-4b82-a086-f91d7d10d8ae/114633.jpg,2026-04-07 11:53:13.654155+00,t,2026-04-07 11:54:51.409071+00,f,,518,2,
346,payment_proofs/14d31866-edae-4680-95f4-09f0ec031c66/114644.jpg,2026-04-07 12:03:09.056325+00,t,2026-04-07 12:04:54.106118+00,f,,520,2,
348,payment_proofs/6ba5d14a-e609-4c07-8050-d7c789769881/Screenshot_20260407-083120.jpg,2026-04-07 17:08:29.258211+00,t,2026-04-07 17:10:16.451087+00,f,,522,2,payment_proofs/6ba5d14a-e609-4c07-8050-d7c789769881/Screenshot_20260407-083120_gK79Snn.jpg
350,payment_proofs/b9d98e3a-193a-4ee7-ae93-26287c2fb93c/fa0c0746-e207-45da-a960-1fc02ce9471a.jpeg,2026-04-08 06:00:18.232614+00,t,2026-04-08 06:05:55.576895+00,f,,528,2,
352,payment_proofs/1a76b82b-21b4-43db-a27f-24503d475c70/IMG_7395.png,2026-04-08 10:04:48.027955+00,t,2026-04-08 14:52:18.228263+00,f,,532,2,
354,payment_proofs/2e42e06d-8789-4cb6-8c22-3b98d58802e7/IMG_6955.jpeg,2026-04-08 13:09:48.601301+00,t,2026-04-08 15:05:46.666689+00,f,,535,2,payment_proofs/2e42e06d-8789-4cb6-8c22-3b98d58802e7/IMG_6955_pFa8Ry4.jpeg
360,payment_proofs/0b1d9441-f0a2-4bf1-a426-9e7d21dffc48/Screenshot_20260409-104627.png,2026-04-09 09:52:15.853264+00,t,2026-04-09 09:54:32.2187+00,f,,544,2,payment_proofs/0b1d9441-f0a2-4bf1-a426-9e7d21dffc48/Screenshot_20260409-104713.png
358,payment_proofs/ab708b80-6216-4524-90b9-2026eecf08df/1775726000617.jpg,2026-04-09 09:13:57.507336+00,t,2026-04-09 10:16:13.039438+00,f,,542,2,payment_proofs/ab708b80-6216-4524-90b9-2026eecf08df/1775726000617_fnGGjWq.jpg
362,payment_proofs/f51e8b89-a8ce-4906-88cb-38f7fa6bd4b7/IMG_4434.png,2026-04-09 10:16:24.533058+00,t,2026-04-09 10:27:46.021481+00,f,,546,2,
368,payment_proofs/276cf80b-710e-403d-bc46-ce6db2c7e098/Screenshot_20260409_171009_Orange_Money.jpg,2026-04-09 16:11:57.455002+00,t,2026-04-09 17:27:09.946631+00,f,,550,2,
556,payment_proofs/e99d9002-b28a-49a5-89ec-96e8156ce2ef/890863.jpg,2026-04-27 19:37:36.83161+00,t,2026-04-28 10:40:25.541444+00,f,,846,2,
387,payment_proofs/9f0691b2-0f64-46b1-adc3-ec78d44f13c5/Screenshot_20260411-163138.jpg,2026-04-11 15:40:37.304394+00,t,2026-04-11 15:41:25.86797+00,f,,586,2,payment_proofs/9f0691b2-0f64-46b1-adc3-ec78d44f13c5/Screenshot_20260411-163138_fZQVeHd.jpg
386,payment_proofs/0500978b-e1ac-47ca-b7e8-3297978f1718/Screenshot_20260411-163639.jpg,2026-04-11 15:39:25.949087+00,t,2026-04-11 15:42:08.705465+00,f,,585,2,payment_proofs/0500978b-e1ac-47ca-b7e8-3297978f1718/Screenshot_20260411-163639_wd3XChq.jpg
484,payment_proofs/4819b689-ddb9-4f63-a154-f306f7cdfaa7/IMG_5622.png,2026-04-20 14:06:05.611086+00,t,2026-04-20 14:14:48.567481+00,f,,741,2,payment_proofs/4819b689-ddb9-4f63-a154-f306f7cdfaa7/IMG_5621.png
573,payment_proofs/44c2baec-cdd8-45b4-b977-15afe4b70a9f/IMG_0761.jpeg,2026-04-28 17:47:10.69908+00,t,2026-04-28 18:57:44.57048+00,f,,858,2,
493,payment_proofs/2b21427a-9f85-4f08-a8d8-c9d861196ad8/IMG_1677.jpeg,2026-04-21 18:42:31.30756+00,t,2026-04-21 18:51:42.452226+00,f,,766,2,payment_proofs/2b21427a-9f85-4f08-a8d8-c9d861196ad8/IMG_1677_zWaOOBl.jpeg
496,payment_proofs/4b66407e-1e12-46ec-b14c-4ab3511a930e/IMG_3455.jpeg,2026-04-21 21:11:47.731196+00,t,2026-04-21 21:12:48.678885+00,f,,770,2,
501,payment_proofs/2e257c69-a289-4c7e-8910-9784c5bb3a44/IMG_4951.jpeg,2026-04-22 08:25:04.802774+00,t,2026-04-22 11:36:28.098823+00,f,,777,2,payment_proofs/2e257c69-a289-4c7e-8910-9784c5bb3a44/IMG_4952.png
720,payment_proofs/626880c1-18f5-4ed0-a971-9b1118189d78/IMG_6415.jpeg,2026-05-14 11:58:32.224275+00,t,2026-05-14 12:05:48.633582+00,f,,1071,2,
504,payment_proofs/040908ba-d5a4-47a9-8f40-4f65ca35eb02/IMG_4290.png,2026-04-22 16:37:17.804125+00,t,2026-04-22 17:24:09.938324+00,f,,781,2,payment_proofs/040908ba-d5a4-47a9-8f40-4f65ca35eb02/IMG_4290_r75jv5B.png
506,payment_proofs/77f7fc76-62f5-46a9-8fc0-5ca27ea3dde8/1000441676.jpg,2026-04-22 20:40:04.618705+00,t,2026-04-22 20:42:43.915752+00,f,,784,2,
586,payment_proofs/aa6f0a6d-00f0-4110-96eb-6e7d4daff88c/1001586879.jpg,2026-04-29 12:12:19.439346+00,t,2026-04-29 12:18:45.627203+00,f,,869,2,
510,payment_proofs/278d7778-8de5-4b7b-bad4-a9a1f074d3ed/Screenshot_20260423-1308472.png,2026-04-23 12:09:28.099779+00,t,2026-04-23 13:41:53.169163+00,f,,791,2,
722,payment_proofs/ccf60f74-120b-4514-8428-73cb3e132e01/1000123138.jpg,2026-05-14 13:47:25.747032+00,t,2026-05-14 14:40:16.435338+00,f,,1074,2,
599,payment_proofs/234528d6-d5d7-489c-b8b8-aa8062df30e5/Screenshot_20260430-2108332.jpg,2026-04-30 20:12:45.496465+00,t,2026-04-30 20:15:55.580429+00,f,,891,2,
513,payment_proofs/21d49111-423e-4020-822f-e6279dcf2435/IMG_3159.png,2026-04-23 19:25:55.006382+00,t,2026-04-23 20:41:30.736667+00,f,,796,2,
515,payment_proofs/52c71a05-8633-48d8-9f2f-438fa4d5ae1e/IMG_1481.png,2026-04-24 14:36:51.899427+00,t,2026-04-24 15:06:47.900555+00,f,,802,2,
517,payment_proofs/5eca3af1-a5a9-4b6b-a1d3-0dda6f683145/image.jpg,2026-04-24 21:27:20.478382+00,t,2026-04-24 21:34:41.429955+00,f,,804,2,payment_proofs/5eca3af1-a5a9-4b6b-a1d3-0dda6f683145/image_f07kYaR.jpg
519,payment_proofs/72faf3fd-9c79-4d84-8669-8f8236156f74/image.jpg,2026-04-25 13:47:04.54169+00,t,2026-04-25 13:59:08.422187+00,f,,810,2,
521,payment_proofs/0cdc1b71-9dc3-4c22-b4eb-6752193b6a60/1000163970.jpg,2026-04-25 15:48:07.879815+00,t,2026-04-25 15:51:34.090563+00,f,,812,2,
593,payment_proofs/672d4100-d820-4218-9420-eeae466ae515/1000157548.png,2026-04-30 13:55:42.713988+00,t,2026-04-30 14:19:12.657937+00,f,,882,2,
524,payment_proofs/66c32066-8229-4d5d-800b-b2a235bcc83d/Screenshot_20260425-192732.jpg,2026-04-25 18:27:56.115979+00,t,2026-04-25 18:34:47.068553+00,f,,820,2,
597,payment_proofs/c1258912-197f-416b-b9ca-c9a1feb5c7a5/1000187344.jpg,2026-04-30 18:47:32.502899+00,t,2026-04-30 18:48:49.474907+00,f,,886,2,
525,payment_proofs/bed65028-ec75-4eba-8681-3b604fec7a88/IMG_1669.jpeg,2026-04-26 07:02:33.789181+00,t,2026-04-26 08:16:57.67312+00,f,,821,2,
526,payment_proofs/59daeb47-c6e0-4ebd-b3aa-f9b967ee0b05/IMG_1670.jpeg,2026-04-26 07:05:13.006037+00,t,2026-04-26 08:16:58.247105+00,f,,822,2,
527,payment_proofs/c2490dd2-0edc-4df4-bd65-ca057f97e2fa/IMG_1671.jpeg,2026-04-26 07:07:24.27351+00,t,2026-04-26 08:16:59.116592+00,f,,823,2,
528,payment_proofs/d275ce0d-0f91-4fb0-a0d5-d340596c6078/IMG_1672.jpeg,2026-04-26 07:09:45.540583+00,t,2026-04-26 08:17:00.009824+00,f,,824,2,
529,payment_proofs/eec4a758-0d9b-438e-995d-b64a9182e7a7/IMG_1673.jpeg,2026-04-26 07:23:39.182275+00,t,2026-04-26 08:17:00.723918+00,f,,825,2,
603,payment_proofs/bcabe916-dd3f-43de-a656-376d54dd132a/1000020112.jpg,2026-04-30 22:52:53.28218+00,t,2026-04-30 22:53:14.076987+00,f,,895,2,payment_proofs/bcabe916-dd3f-43de-a656-376d54dd132a/1000020114.jpg
530,payment_proofs/9a7adec3-60ab-428b-b0f6-f03438c352c3/IMG_2026.png,2026-04-26 09:15:08.347836+00,t,2026-04-26 09:16:24.420864+00,f,,826,2,
533,payment_proofs/e34bb4a3-a36d-43fb-8f65-e81e42cbabc5/PREUVE.jpg,2026-04-26 10:02:26.765125+00,t,2026-04-26 10:11:09.147576+00,f,,829,2,
532,payment_proofs/718dbb86-5e33-4d65-90c8-cc564afd618c/17771964254554714136684423157976.jpg,2026-04-26 09:41:40.065522+00,t,2026-04-26 10:28:05.913125+00,f,,828,2,
531,payment_proofs/45827094-ca87-43ac-84bd-b6ae5ec39bb5/17771962124013214823067567943629.jpg,2026-04-26 09:37:55.870955+00,t,2026-04-26 10:28:06.110197+00,f,,827,2,
535,payment_proofs/13bfe8e1-5905-4e1e-baab-4d9a29218dc5/17772341140251930744206103086004.jpg,2026-04-26 20:10:03.188255+00,t,2026-04-26 20:15:51.151697+00,f,,834,2,payment_proofs/13bfe8e1-5905-4e1e-baab-4d9a29218dc5/17772341683221242398556008209248.jpg
534,payment_proofs/d896a4f8-fe7c-47d9-a740-5946d153a964/481081.jpg,2026-04-26 17:23:59.444745+00,t,2026-04-26 20:15:52.159586+00,f,,831,2,
536,payment_proofs/56e06ece-05f6-4a95-aac9-b1b2bf25468c/IMG_6606.jpeg,2026-04-26 20:44:31.944516+00,t,2026-04-26 20:46:07.575497+00,f,,835,2,payment_proofs/56e06ece-05f6-4a95-aac9-b1b2bf25468c/IMG_6606_H3iirrB.jpeg
537,payment_proofs/24c1401d-57df-41b0-bc33-6874423803ce/17772720827837892200464164726155.jpg,2026-04-27 06:41:49.248237+00,t,2026-04-27 09:17:33.363585+00,f,,840,2,
538,payment_proofs/0e02c73b-2d2b-4e11-a217-6cfeecf5a723/IMG_3373.jpeg,2026-04-27 10:22:25.402679+00,t,2026-04-27 10:50:04.701829+00,f,,838,2,
541,payment_proofs/c9246b6a-d953-41a4-be3a-6a518b470b67/SmartSelect_20260427_135059_Messages.jpg,2026-04-27 12:53:39.525364+00,t,2026-04-27 15:47:05.517119+00,f,,843,2,
540,payment_proofs/d250baf5-0bdb-403f-908d-e93846553b90/IMG_6208.jpeg,2026-04-27 12:25:45.214964+00,t,2026-04-27 15:49:04.249152+00,f,,842,2,payment_proofs/d250baf5-0bdb-403f-908d-e93846553b90/IMG_6208_5VK1imF.jpeg
539,payment_proofs/1074fe4d-f41b-4b0b-8ba1-a32de785f3d6/Screenshot_20260427_125025_Messages.jpg,2026-04-27 11:52:21.823593+00,t,2026-04-27 15:49:54.904034+00,f,,841,2,
558,payment_proofs/5b584cb4-2a17-4fe2-a1c1-eadd7709015b/IMG_5182.jpeg,2026-04-27 21:31:12.633508+00,t,2026-04-27 21:37:21.786537+00,f,,849,2,
555,payment_proofs/7944697b-b613-4805-9b5d-17315408a409/1000196264.png,2026-04-27 17:25:30.891137+00,t,2026-04-27 22:32:06.433383+00,f,,845,2,
388,payment_proofs/0f385244-8fcc-412f-9156-e6cf28e2b09e/1001758884.jpg,2026-04-11 16:30:34.972762+00,t,2026-04-11 16:34:25.796653+00,f,,590,2,
707,payment_proofs/5d6c5282-3749-4eb9-a5b7-3c5ee4351cd6/cd658e9b-3158-49cd-9b0c-ca7c9f32c560.jpeg,2026-05-12 18:29:07.531646+00,t,2026-05-13 17:06:05.660818+00,f,,1047,2,
389,payment_proofs/66a69a70-074e-4173-b68c-5c79888b14b8/IMG_0843.jpeg,2026-04-11 17:04:23.131841+00,t,2026-04-11 17:13:21.219605+00,f,,593,2,payment_proofs/66a69a70-074e-4173-b68c-5c79888b14b8/IMG_0843_EFkfXBS.jpeg
390,payment_proofs/298dc6fa-d0c9-456a-93ad-36c0ad7c303a/1001759168.jpg,2026-04-11 17:05:40.603703+00,t,2026-04-11 17:13:21.852667+00,f,,592,2,
587,payment_proofs/3931bf8a-c24a-4929-947d-76878e5c4f04/1001586880.jpg,2026-04-29 12:14:45.152945+00,t,2026-04-29 12:18:46.300614+00,f,,870,2,
391,payment_proofs/36880edd-f074-4628-bc96-dc8cbda08a27/166870.jpg,2026-04-11 19:08:54.801258+00,t,2026-04-11 19:38:11.673361+00,f,,594,2,
719,payment_proofs/f6a63286-94a1-470b-a0ad-ad0fe45034a5/Screenshot_20260514-123730.png,2026-05-14 11:38:10.653399+00,t,2026-05-14 11:40:54.538585+00,f,,1070,2,
392,payment_proofs/92f73a6b-0e65-47dc-b1b6-0787e706e7bd/IMG_2710.jpeg,2026-04-11 20:46:56.146422+00,t,2026-04-11 20:48:51.966348+00,f,,595,2,
393,payment_proofs/a1c18211-20bf-42f9-82ba-7ca297994a8e/61D33A34-62DA-4D02-BB5A-A90D2475DE46.jpeg,2026-04-11 22:22:56.562613+00,t,2026-04-11 22:23:39.636664+00,f,,597,2,
497,payment_proofs/fb56addb-7d1c-4997-b202-f3dca132e203/295522.png,2026-04-21 22:05:38.372179+00,t,2026-04-21 22:20:17.135889+00,f,,772,2,
394,payment_proofs/d4b10765-ec20-4a21-9258-375481dbe703/1001114993.jpg,2026-04-12 07:21:15.934301+00,t,2026-04-12 07:30:59.71489+00,f,,598,2,payment_proofs/d4b10765-ec20-4a21-9258-375481dbe703/1001114993_0XhO8Ok.jpg
502,payment_proofs/28dbfe65-1bf3-455c-b0bb-c478ddeba63c/1000989227.jpg,2026-04-22 12:02:32.384688+00,t,2026-04-22 12:07:01.874524+00,f,,778,2,
509,payment_proofs/be32a167-d7d5-4065-b20f-adcfeed2110f/32984.png,2026-04-23 08:03:15.982717+00,t,2026-04-23 13:41:39.668908+00,f,,790,2,
395,payment_proofs/f6dd9fb3-ea3b-4c36-83b8-7c27708d9b0b/IMG_5768.png,2026-04-12 07:53:55.182556+00,t,2026-04-12 14:50:26.845531+00,f,,599,2,
399,payment_proofs/331f655b-bb55-4071-bc28-621b63d4f509/IMG_8249.png,2026-04-12 14:33:10.314664+00,t,2026-04-12 15:00:45.754943+00,f,,609,2,
400,payment_proofs/ba0b66a4-b9b5-444e-b7e0-204ad579b518/20260412_150815.jpg,2026-04-12 14:44:12.397628+00,t,2026-04-12 15:06:14.581323+00,f,,608,2,
398,payment_proofs/8cb5a649-baff-4111-9daa-21688e4e26ca/Screenshot_20260412-150549.jpg,2026-04-12 14:06:17.905184+00,t,2026-04-12 15:11:06.323066+00,f,,607,2,payment_proofs/8cb5a649-baff-4111-9daa-21688e4e26ca/Screenshot_20260412-150549_3zNl1uG.jpg
397,payment_proofs/990cae13-7bb3-4f6c-b16f-8775d0a7cad3/IMG_3392.png,2026-04-12 12:09:42.717626+00,t,2026-04-12 15:18:12.572378+00,f,,605,2,
403,payment_proofs/22acab02-c452-4a0c-954d-3d97284b9dd0/IMG_1305.jpeg,2026-04-12 16:31:57.104521+00,t,2026-04-12 16:33:33.264459+00,f,,612,2,
402,payment_proofs/656051c9-7d7f-4142-8987-9415a9379d65/22104.jpg,2026-04-12 16:06:04.655781+00,t,2026-04-12 18:16:40.54656+00,f,,611,2,payment_proofs/656051c9-7d7f-4142-8987-9415a9379d65/22104_zlJZsDb.jpg
405,payment_proofs/1ff388c2-ce4c-4f91-81f2-ff89c32154a5/IMG_0451.jpeg,2026-04-12 22:53:28.095498+00,t,2026-04-13 03:38:22.362093+00,f,,615,2,
404,payment_proofs/91c3e56a-c474-4ebf-b4ef-5e905bf81661/Screenshot_20260412_204444_Messages.jpg,2026-04-12 19:55:48.619201+00,t,2026-04-13 03:43:35.759623+00,f,,614,2,
407,payment_proofs/34268a07-f365-4c79-839d-77f952075245/Screenshot_20260413-103113.png,2026-04-13 09:33:03.533909+00,t,2026-04-13 15:22:50.866402+00,f,,618,2,payment_proofs/34268a07-f365-4c79-839d-77f952075245/Screenshot_20260413-103033.png
408,payment_proofs/725d9662-d58b-4e19-ae09-c91ec8bb86ff/Screenshot_20260413-160018.jpg,2026-04-13 15:00:44.059526+00,t,2026-04-13 15:22:50.918212+00,f,,621,2,payment_proofs/725d9662-d58b-4e19-ae09-c91ec8bb86ff/Screenshot_20260413-160018_3J9hTAU.jpg
409,payment_proofs/39cc4d38-10f8-4db6-9be1-4dce490fc1ea/Screenshot_20260413_161933_Mood.jpg,2026-04-13 15:26:40.502029+00,t,2026-04-13 15:54:54.757716+00,f,,622,2,
412,payment_proofs/75047ebe-99dc-4896-a0c0-6723a58c93a7/IMG_3405.png,2026-04-13 23:16:32.503617+00,t,2026-04-13 23:40:50.551833+00,f,,626,2,
414,payment_proofs/d604ca35-1f5f-4b5d-9212-419ab0cde523/IMG_7404.png,2026-04-14 11:58:12.124923+00,t,2026-04-14 12:18:10.292154+00,f,,628,2,
413,payment_proofs/d7f093da-3300-4d58-bd11-c2ff89825d8c/Screenshot_20260414_3MNSsIP.callapp.contacts.jpg,2026-04-14 11:41:27.056663+00,t,2026-04-14 12:35:10.386721+00,f,,627,2,payment_proofs/d7f093da-3300-4d58-bd11-c2ff89825d8c/Screenshot_20260414_9dRUDFk.callapp.contacts.jpg
411,payment_proofs/06f35fb4-ea14-4a39-8c14-7e2fa2879023/IMG_3890.jpeg,2026-04-13 20:52:55.448653+00,t,2026-04-14 12:51:29.385982+00,f,,625,2,
410,payment_proofs/15c01788-4d8d-4650-87e9-56c3a5415d71/IMG_1366.png,2026-04-13 19:03:55.209583+00,t,2026-04-14 13:20:12.843046+00,f,,624,2,payment_proofs/15c01788-4d8d-4650-87e9-56c3a5415d71/IMG_1366_QMHs0Be.png
415,payment_proofs/99dc62f2-70c1-4de8-bda8-b15c0231c84c/IMG_0182.jpeg,2026-04-14 14:40:03.618689+00,t,2026-04-14 14:52:28.457094+00,f,,633,2,
416,payment_proofs/8d53bf8b-453a-46de-9db9-8bdd9c180b0c/850131.jpg,2026-04-14 15:38:54.574183+00,t,2026-04-14 17:12:44.539011+00,f,,635,2,
417,payment_proofs/5ed23332-1308-4329-9b30-00ec10fba703/WhatsApp_Image_2026-04-14_at_5.43.39_PM.jpeg,2026-04-14 17:07:32.198629+00,t,2026-04-14 17:46:43.516149+00,f,,636,2,
419,payment_proofs/a8aa7635-48c9-46c9-8eb7-8527f99d7d38/IMG_7410.png,2026-04-15 08:09:24.626462+00,t,2026-04-15 08:14:10.685678+00,f,,639,2,
420,payment_proofs/73b44232-21e6-45c7-9113-a67fa08a6e51/1003076774.png,2026-04-15 08:47:03.726838+00,t,2026-04-15 09:20:16.87797+00,f,,641,2,payment_proofs/73b44232-21e6-45c7-9113-a67fa08a6e51/1003076774_zZy5oZg.png
421,payment_proofs/2ed03acd-9b7b-487e-89e7-6a42cb69a1e9/Screenshot_20260415-111545.jpg,2026-04-15 10:20:54.210869+00,t,2026-04-15 11:21:58.714097+00,f,,642,2,payment_proofs/2ed03acd-9b7b-487e-89e7-6a42cb69a1e9/Screenshot_20260415-111545_7B26CMI.jpg
424,payment_proofs/d6cb1f9c-52b6-4fc4-8f55-a76f45f04abf/IMG_0062.png,2026-04-15 13:36:54.2812+00,t,2026-04-15 13:41:58.31399+00,f,,652,2,payment_proofs/d6cb1f9c-52b6-4fc4-8f55-a76f45f04abf/IMG_0062_lE3F1uG.png
425,payment_proofs/5aeb3c29-8993-40e8-bc84-a8098b24a3b1/IMG_0080.png,2026-04-15 15:49:43.45153+00,t,2026-04-15 16:00:23.694711+00,f,,654,2,payment_proofs/5aeb3c29-8993-40e8-bc84-a8098b24a3b1/IMG_0080_xGlFUmU.png
429,payment_proofs/323365e2-f328-4e25-a382-15d30aff97df/IMG_1007.png,2026-04-16 11:53:23.472118+00,t,2026-04-16 11:54:58.412651+00,f,,658,2,payment_proofs/323365e2-f328-4e25-a382-15d30aff97df/IMG_1007_YC8tUsh.png
430,payment_proofs/5f73ca36-1da8-4f98-88bc-e09d1eb7877b/PXL_20260416_115707836.jpg,2026-04-16 11:59:48.437943+00,t,2026-04-16 12:01:58.431813+00,f,,659,2,
431,payment_proofs/54770c67-4ea5-441e-8437-99fe1fad9136/IMG_4469.png,2026-04-16 12:16:41.099218+00,t,2026-04-16 12:17:23.059415+00,f,,660,2,
1318,payment_proofs/39396358-cd3b-46cb-b38d-fb1f46d08ce4/Screenshot_20260711_141451.jpg,2026-07-11 13:15:34.333334+00,t,2026-07-11 13:19:42.203698+00,f,,2062,2,
482,payment_proofs/5a0d922c-a6b8-4e71-acef-45386a34d978/IMG_0666.png,2026-04-20 12:46:32.657029+00,t,2026-04-20 13:02:22.648558+00,f,,739,2,
582,payment_proofs/e9fe7884-343a-4b6a-afba-b4f99186ca59/IMG_3310.jpeg,2026-04-28 20:10:57.392298+00,t,2026-04-28 20:13:28.59433+00,f,,864,2,
492,payment_proofs/b8d8cf4c-ce17-4991-80e0-7314d31d041b/IMG_4058.jpeg,2026-04-21 11:14:23.3976+00,t,2026-04-21 12:47:29.782133+00,f,,765,2,
438,payment_proofs/04ac2263-843c-4aac-b993-76ae7d5c4cee/IMG_4027.jpeg,2026-04-17 13:33:00.286828+00,t,2026-04-17 13:38:14.389381+00,f,,674,2,
437,payment_proofs/dcca68a2-c4c0-4c14-80ec-ccb34af0ca55/IMG_4026.jpeg,2026-04-17 13:30:56.412525+00,t,2026-04-17 13:38:17.457866+00,f,,673,2,
494,payment_proofs/fabf0d51-383f-49d8-aa93-08bfe89ba97c/Screenshot_20260421-202732_Phone.jpg,2026-04-21 19:28:47.431783+00,t,2026-04-21 19:34:19.394061+00,f,,767,2,payment_proofs/fabf0d51-383f-49d8-aa93-08bfe89ba97c/Screenshot_20260421-202732_Phone_oQif46K.jpg
439,payment_proofs/0210f75d-04c5-4208-a06f-ebfdf1fa13fd/Screenshot_20260417-201451.png,2026-04-17 19:15:20.99613+00,t,2026-04-17 20:00:40.488448+00,f,,680,2,payment_proofs/0210f75d-04c5-4208-a06f-ebfdf1fa13fd/Screenshot_20260417-201136.png
440,payment_proofs/d0ffd606-7bb3-48a9-930f-f8db1bd7f78c/Screenshot_2026-_YO0zfmq.orange.myorange.ocm.jpg,2026-04-17 20:02:22.838176+00,t,2026-04-17 20:25:49.865928+00,f,,681,2,
498,payment_proofs/6b9a60a4-2b8a-430d-85d4-525ae70787e7/295523.png,2026-04-21 22:07:50.022468+00,t,2026-04-21 22:20:17.860205+00,f,,773,2,
441,payment_proofs/05dd6b2f-3f18-4fff-9f27-e1c03516d027/IMG_3286.jpeg,2026-04-17 20:27:46.403124+00,t,2026-04-17 20:29:28.814135+00,f,,682,2,
503,payment_proofs/ce2660a1-8110-4dc4-841b-03b891d63367/IMG_3460.jpeg,2026-04-22 12:24:20.80314+00,t,2026-04-22 12:24:58.983694+00,f,,780,2,
505,payment_proofs/37237a3f-9b39-4c2c-85ea-eeb1eea983cf/Screenshot_20260422_175300_Messages.jpg,2026-04-22 16:54:34.825768+00,t,2026-04-22 20:50:11.650436+00,f,,782,2,payment_proofs/37237a3f-9b39-4c2c-85ea-eeb1eea983cf/Screenshot_20260422_175300_Messages_pI4MocW.jpg
508,payment_proofs/b0eecad2-bbcf-4672-9829-9848984e056c/IMG_3961.jpeg,2026-04-23 06:52:54.86068+00,t,2026-04-23 13:41:30.052337+00,f,,789,2,
507,payment_proofs/421970f0-d9f2-48fb-b46c-eec61880e993/IMG_3605.jpeg,2026-04-22 22:30:59.39098+00,t,2026-04-23 13:42:04.275168+00,f,,787,2,
445,payment_proofs/dd682322-41d5-4422-86d3-5d452110f2bb/IMG_1415.jpeg,2026-04-18 08:04:58.753258+00,t,2026-04-18 09:19:34.01381+00,f,,687,2,
512,payment_proofs/0f193e45-035f-4fdf-86a1-4f815f3235f7/IMG_9042.png,2026-04-23 18:36:34.431296+00,t,2026-04-23 19:22:59.120612+00,f,,797,2,
514,payment_proofs/75cf5b70-ebe0-4289-b00d-db809a599337/IMG_1159.jpeg,2026-04-24 00:30:01.24989+00,t,2026-04-24 09:17:13.319034+00,f,,801,2,
447,payment_proofs/237a4084-bd54-4456-b241-5018db986961/IMG_20260418_144024_506.jpg,2026-04-18 13:53:44.235856+00,t,2026-04-18 13:56:55.212752+00,f,,694,2,
516,payment_proofs/714d8b32-c378-4676-9024-d3f26effe8e9/IMG_3509.jpeg,2026-04-24 19:14:47.310945+00,t,2026-04-24 19:19:45.99868+00,f,,803,2,
448,payment_proofs/8f2800bd-983e-4f35-98d9-ff3bb3d42881/80827.jpg,2026-04-18 13:58:43.340015+00,t,2026-04-18 14:00:19.589993+00,f,,695,2,
449,payment_proofs/7084348c-bd57-40f5-b0a6-1c58a4380456/1000208588.jpg,2026-04-18 15:54:15.86623+00,t,2026-04-18 15:57:53.225294+00,f,,698,2,
518,payment_proofs/460d14f3-0946-4081-be95-a103878223a8/Screen_c1tG89s.google.android.apps.messaging.jpg,2026-04-25 10:41:05.938919+00,t,2026-04-25 11:34:47.321041+00,f,,809,2,
520,payment_proofs/c37c87f9-876b-47f3-9bd5-8d3e414fa158/1000532161.jpg,2026-04-25 15:38:55.364529+00,t,2026-04-25 15:39:20.597581+00,f,,811,2,payment_proofs/c37c87f9-876b-47f3-9bd5-8d3e414fa158/1000532161_7UHx5We.jpg
522,payment_proofs/1f11d26b-124b-42fc-8473-091d336cf34f/1000769402.jpg,2026-04-25 15:53:38.827796+00,t,2026-04-25 15:54:19.974022+00,f,,817,2,
450,payment_proofs/06e537e3-58cd-4187-bf07-9676d6aa0db0/Screenshot_20260418_192613_Messages.jpg,2026-04-18 18:29:33.120035+00,t,2026-04-18 18:38:27.108491+00,f,,701,2,
523,payment_proofs/de073279-1c1a-4e21-8f75-32712f81e386/Screenshot_20260425-192458.jpg,2026-04-25 18:25:35.917889+00,t,2026-04-25 18:34:52.12053+00,f,,818,2,
454,payment_proofs/7e223536-ce3c-4453-921c-c298a984ad31/1000541488.jpg,2026-04-18 18:42:49.87891+00,t,2026-04-18 19:51:36.447603+00,f,,700,2,
456,payment_proofs/d6ff7518-8f00-4713-82ae-4c673799d101/1000438410.jpg,2026-04-19 07:22:21.985142+00,t,2026-04-19 08:23:43.996973+00,f,,707,2,
457,payment_proofs/b05e5cf8-1d59-4ad3-9c47-8ced7e3ecdb4/IMG_0302.jpeg,2026-04-19 08:46:46.538363+00,t,2026-04-19 08:52:22.78473+00,f,,708,2,
459,payment_proofs/9a0c2778-6af5-46a6-96e2-6e8320fc5c04/Screenshot_20260419-104637.jpg,2026-04-19 09:56:44.732863+00,t,2026-04-19 09:57:18.596481+00,f,,713,2,
460,payment_proofs/db11c41c-0146-4948-a3bf-a0cbf8daa3ba/IMG-20260419-WA0056.jpg,2026-04-19 10:00:36.300781+00,t,2026-04-19 10:01:37.167649+00,f,,714,2,
462,payment_proofs/1e22af0e-0f07-44b5-a215-082fea7c8f90/Screenshot_20260419-105628_1.jpg,2026-04-19 10:08:07.801241+00,t,2026-04-19 10:26:43.148882+00,f,,711,2,
461,payment_proofs/3a004a4f-4fe6-4b81-830f-dad6d34e7285/IMG-20260419-WA0058.jpg,2026-04-19 10:04:14.251695+00,t,2026-04-19 10:26:46.078257+00,f,,715,2,
463,payment_proofs/6122ffeb-d7f2-4ca5-b292-9aa34d51f409/IMG-20260419-WA0060.jpg,2026-04-19 10:09:59.673026+00,t,2026-04-19 10:26:49.13557+00,f,,716,2,
464,payment_proofs/8c090300-3380-454b-85b6-baca2888ea8a/Screenshot_20260419_145541_Messages.jpg,2026-04-19 13:57:15.083261+00,t,2026-04-19 20:51:03.247753+00,f,,717,2,
465,payment_proofs/939d428b-5fdc-4ba6-a2ff-cb9b112261ea/IMG_2626.jpeg,2026-04-19 16:27:27.626214+00,t,2026-04-19 20:58:09.521549+00,f,,718,2,payment_proofs/939d428b-5fdc-4ba6-a2ff-cb9b112261ea/IMG_2626_vrXWoMR.jpeg
470,payment_proofs/05dcaeb6-17ca-4c87-856c-125215f640f3/Screenshot_20260419-2328542.jpg,2026-04-19 22:30:53.547918+00,t,2026-04-19 22:32:28.987216+00,f,,724,2,
473,payment_proofs/80a609cf-1897-48c1-9c54-04cfb2a9d3ef/Screenshot_20260419-2328543.jpg,2026-04-19 22:32:35.334234+00,t,2026-04-19 22:32:57.267632+00,f,,727,2,
475,payment_proofs/da38add6-97b9-42fb-b556-21f04d8bba54/190394.jpg,2026-04-19 23:09:29.233117+00,t,2026-04-19 23:11:05.008097+00,f,,729,2,payment_proofs/da38add6-97b9-42fb-b556-21f04d8bba54/190394_NraWWZ0.jpg
477,payment_proofs/4d4e9f13-2166-460e-899b-71ac6319aab2/IMG_1508.png,2026-04-20 11:03:10.383283+00,t,2026-04-20 11:10:21.69879+00,f,,731,2,
476,payment_proofs/6df63085-f93a-42dc-9556-4bb6c84d4c7c/1001186533.jpg,2026-04-20 09:12:41.447425+00,t,2026-04-20 11:10:53.30875+00,f,,730,2,
479,payment_proofs/9f1e3d7e-f3d4-4532-90aa-38eb17809f9f/IMG_1508.png,2026-04-20 11:12:20.705551+00,t,2026-04-20 11:12:44.645303+00,f,,733,2,payment_proofs/9f1e3d7e-f3d4-4532-90aa-38eb17809f9f/IMG_1508_CQCh9HU.png
572,payment_proofs/420f1c2c-d4b3-44a8-b856-449175b5bc70/IMG_0760.jpeg,2026-04-28 17:44:08.588088+00,t,2026-04-28 18:15:10.269795+00,f,,857,2,
578,payment_proofs/e359abfd-f711-49a6-ae0a-42573da09327/Screenshot_20260428_202025_Orange_Money.jpg,2026-04-28 19:31:50.535915+00,t,2026-04-28 20:04:54.735562+00,f,,855,2,payment_proofs/e359abfd-f711-49a6-ae0a-42573da09327/Screenshot_20260428_202025_Orange_Mo_lJgZMtk.jpg
872,payment_proofs/1e8788dc-6ec0-4d11-ba68-cf3867faffd8/IMG_2545.png,2026-06-03 03:51:01.467545+00,t,2026-06-03 11:04:15.558634+00,f,,1296,2,
583,payment_proofs/2e89829e-0446-40a4-ab42-397038db0795/Screenshot_20260429-071343.png,2026-04-29 06:14:46.83566+00,t,2026-04-29 06:19:11.965472+00,f,,866,2,
559,payment_proofs/5bf0b2d9-5934-4360-8cea-d3c496feaece/6F964A48-C263-4FC4-909B-A93202824A7F.png,2026-04-27 21:31:37.742488+00,t,2026-04-27 21:37:21.42103+00,f,,850,2,payment_proofs/5bf0b2d9-5934-4360-8cea-d3c496feaece/AA1996B2-2EE7-4908-AA33-45E2874A8530.png
650,payment_proofs/8a6eae1d-e8f6-4358-9ffa-1978398d3c46/1000000371.jpg,2026-05-06 00:54:24.729458+00,f,,t,,962,,
554,payment_proofs/16a7e6a0-f75c-4834-b174-faadf415c366/SmartSelect_20260427_172123_Messages.jpg,2026-04-27 16:49:07.914542+00,t,2026-04-27 22:34:23.548705+00,f,,844,2,payment_proofs/16a7e6a0-f75c-4834-b174-faadf415c366/SmartSelect_20260427_172123_Messages_it0ERO8.jpg
588,payment_proofs/05023808-1b16-42e7-878e-4263da6d2185/511470.png,2026-04-29 18:40:58.507683+00,t,2026-04-29 18:46:00.217834+00,f,,871,2,
591,payment_proofs/480ed0eb-87c2-4b2a-ba2b-71a8970c81ba/1000168067.jpg,2026-04-29 19:26:49.293596+00,t,2026-04-30 14:18:44.604565+00,f,,874,2,
596,payment_proofs/23ce784b-3aff-460c-b6b3-2daea0ad4fbd/1000009262.png,2026-04-30 18:44:10.731497+00,t,2026-04-30 18:48:41.952892+00,f,,887,2,
601,payment_proofs/a73dff28-86a5-4f3c-aca0-ed0965b94b68/IMG_2320.png,2026-04-30 21:15:05.619988+00,t,2026-04-30 21:17:41.425568+00,f,,893,2,
604,payment_proofs/0de01041-2451-4a28-b701-64fe8e6ce8ef/IMG_2941.jpeg,2026-04-30 22:56:01.198615+00,t,2026-04-30 22:59:21.96961+00,f,,896,2,
607,payment_proofs/a353bcd4-e55a-4157-9a8f-d089918696f5/IMG_5047.jpeg,2026-05-01 09:36:43.978865+00,t,2026-05-01 10:25:57.704322+00,f,,900,2,payment_proofs/a353bcd4-e55a-4157-9a8f-d089918696f5/IMG_5047_CQcg3s7.jpeg
608,payment_proofs/ddbec873-5ba8-4312-91d1-e935dde89a64/IMG_5048.jpeg,2026-05-01 09:38:54.619712+00,t,2026-05-01 10:26:04.782425+00,f,,901,2,payment_proofs/ddbec873-5ba8-4312-91d1-e935dde89a64/IMG_5048_LayHwK6.jpeg
609,payment_proofs/f011afbc-9ad3-467f-85ad-724237e99d26/IMG_5049.jpeg,2026-05-01 09:40:53.331525+00,t,2026-05-01 10:26:05.314719+00,f,,902,2,payment_proofs/f011afbc-9ad3-467f-85ad-724237e99d26/IMG_5049_8XxYYsd.jpeg
610,payment_proofs/0d3248c6-7370-4bfc-bebf-6c0c1aa48fa3/20260501_112233.jpg,2026-05-01 10:23:53.986817+00,t,2026-05-01 10:26:05.723909+00,f,,904,2,payment_proofs/0d3248c6-7370-4bfc-bebf-6c0c1aa48fa3/20260501_112238.jpg
613,payment_proofs/f07f9b8d-bf13-4ee5-9163-f6387042f0dc/1000223642.png,2026-05-01 13:09:43.049003+00,t,2026-05-01 13:12:36.953891+00,f,,907,2,
612,payment_proofs/c0d2d3cf-9aa3-4c5a-a0bf-9b3b70756645/IMG-20260501-WA0009.jpg,2026-05-01 13:06:33.159072+00,t,2026-05-01 13:16:01.581957+00,f,,906,2,
615,payment_proofs/30131e82-98f5-4818-bfa3-6093ecc83168/1000303291.jpg,2026-05-01 21:06:39.512036+00,t,2026-05-01 21:59:39.564234+00,f,,911,2,
618,payment_proofs/62f3199e-4021-485c-8e3f-49f70713373d/Screenshot_20260502-010324.jpg,2026-05-02 00:03:50.306248+00,t,2026-05-02 07:59:36.912235+00,f,,916,2,
617,payment_proofs/de76903a-230d-4665-ad8b-e6c25824a3d4/Screenshot_20260502-010027.jpg,2026-05-02 00:01:10.472309+00,t,2026-05-02 07:59:42.430327+00,f,,915,2,
622,payment_proofs/3fed0c62-b503-492d-958b-44c4614ca0fa/Screenshot_20260502_153328_Messages.jpg,2026-05-02 14:33:58.679806+00,t,2026-05-02 14:37:32.374672+00,f,,920,2,
621,payment_proofs/c646244e-ce01-4585-b0b8-404b74b908c1/Screenshot_20260502-134613.png,2026-05-02 14:20:49.833392+00,t,2026-05-02 14:42:10.699993+00,f,,918,2,
620,payment_proofs/bf0606dd-583a-4b0a-91e5-1b84de459e03/Screenshot_20260502-134608.png,2026-05-02 12:47:30.561641+00,t,2026-05-02 14:42:12.471984+00,f,,919,2,payment_proofs/bf0606dd-583a-4b0a-91e5-1b84de459e03/Screenshot_20260502-134613.png
623,payment_proofs/60e0c2d0-3fbe-47b7-a31b-850a54a34ab2/Screenshot_20260502-162316_Messages.jpg,2026-05-02 15:23:44.7193+00,t,2026-05-02 15:24:34.453877+00,f,,921,2,
624,payment_proofs/5286d3b3-b122-4d8b-921f-f26ddedd4909/1000464823.jpg,2026-05-02 16:44:59.688827+00,t,2026-05-02 16:45:51.393695+00,f,,923,2,payment_proofs/5286d3b3-b122-4d8b-921f-f26ddedd4909/1000464823_hfaUS76.jpg
625,payment_proofs/807d0827-3247-452f-bfaa-1fab199ca4eb/Screenshot_20260502_184039_Messages.jpg,2026-05-02 17:42:26.655881+00,t,2026-05-02 17:50:00.254112+00,f,,924,2,
626,payment_proofs/15eb2262-6a8c-4bec-92be-3b0965843a0d/IMG_1507.png,2026-05-02 17:48:19.649527+00,t,2026-05-02 17:50:02.542462+00,f,,927,2,
627,payment_proofs/34a156bc-105f-43c5-8e45-5bff1ba7d8bf/IMG_1509.png,2026-05-02 17:54:59.271366+00,t,2026-05-02 17:56:25.062987+00,f,,928,2,
629,payment_proofs/8501c40d-197a-4642-9130-b8f81f9da3eb/Screenshot_20260502-195008.jpg,2026-05-02 19:35:44.661447+00,t,2026-05-02 19:39:15.564608+00,f,,933,2,
630,payment_proofs/90505db8-ac59-494a-a722-a1681b4b6d01/Screenshot_20260502-234812.jpg,2026-05-02 22:53:04.191083+00,t,2026-05-02 22:56:16.153724+00,f,,938,2,payment_proofs/90505db8-ac59-494a-a722-a1681b4b6d01/Screenshot_20260502-234812_lv5lBCV.jpg
632,payment_proofs/9fd57b9e-e9a7-4470-8912-2b18b624a441/IMG_8752.jpeg,2026-05-03 09:46:45.977455+00,t,2026-05-03 14:43:30.060313+00,f,,942,2,
634,payment_proofs/1f4bae88-f5bc-4980-8248-8e285ffa0eb1/IMG_5012.jpeg,2026-05-03 16:55:32.48824+00,t,2026-05-03 17:00:05.646221+00,f,,944,2,
633,payment_proofs/ab3d20bd-3cd6-4892-bf59-e2cd03198f1f/IMG_5011.jpeg,2026-05-03 16:53:40.555495+00,t,2026-05-03 17:00:13.256033+00,f,,943,2,
631,payment_proofs/4ac1e12c-698f-49ae-b75f-2f84d89ff1a0/IMG_2288.png,2026-05-03 07:41:30.505865+00,t,2026-05-03 17:10:56.418454+00,f,,940,2,
637,payment_proofs/a71e1e49-d944-4bc7-89b6-67eaf1c42aa7/IMG_0646.jpeg,2026-05-04 10:55:59.121489+00,t,2026-05-04 15:48:32.179248+00,f,,947,2,payment_proofs/a71e1e49-d944-4bc7-89b6-67eaf1c42aa7/IMG_0646_xHqmBSH.jpeg
635,payment_proofs/5f49f6fd-5897-4bc2-b4e9-f34b39aad1f8/IMG_9033.jpeg,2026-05-03 21:33:01.925756+00,t,2026-05-04 15:50:46.455545+00,f,,945,2,
638,payment_proofs/1e925b51-6c52-4c9f-a469-098cafc17116/IMG_2487.png,2026-05-04 13:21:50.279062+00,t,2026-05-04 15:53:43.341012+00,f,,948,2,payment_proofs/1e925b51-6c52-4c9f-a469-098cafc17116/IMG_2487_i8LU3f8.png
640,payment_proofs/86e9a7f9-7979-46e2-8a33-06eab7838297/200378.png,2026-05-04 16:29:35.970013+00,t,2026-05-04 16:30:35.27431+00,f,,950,2,
639,payment_proofs/a9fae501-e680-428b-99bf-1868f9f21e9d/IMG_5999.jpeg,2026-05-04 16:09:58.215854+00,t,2026-05-04 19:14:29.188392+00,f,,949,2,
641,payment_proofs/31b7f814-6a93-416c-8ee4-6c157bf58f0d/IMG_3224.jpeg,2026-05-04 19:18:09.878079+00,t,2026-05-04 20:11:04.638759+00,f,,951,2,
642,payment_proofs/91b80c6e-03fa-4a5a-90a0-b3afdd8670e9/1001153639.jpg,2026-05-05 10:14:04.595284+00,t,2026-05-05 11:15:15.212823+00,f,,952,2,payment_proofs/91b80c6e-03fa-4a5a-90a0-b3afdd8670e9/1001153639_Kzzw6bC.jpg
643,payment_proofs/768f22fa-c782-416f-9508-146b26dc9afe/IMG_4761.jpeg,2026-05-05 14:01:32.096742+00,t,2026-05-05 14:18:59.916517+00,f,,954,2,payment_proofs/768f22fa-c782-416f-9508-146b26dc9afe/IMG_4761_fSWX9EH.jpeg
711,payment_proofs/d42f322f-a1c4-4a25-86c6-374eb2763e53/IMG_1535.jpeg,2026-05-13 17:37:05.62492+00,t,2026-05-13 18:39:35.536644+00,f,,1061,2,
645,payment_proofs/5ff3a083-9498-4eee-82ab-535daec602cc/529210.png,2026-05-05 14:20:17.784913+00,t,2026-05-05 14:35:57.834712+00,f,,957,2,
648,payment_proofs/6b54cc9b-d298-4227-ad76-85f84b1843bf/A24421BE-A419-4E6E-84C6-6DDEF65F3E8E.jpeg,2026-05-05 18:00:42.099675+00,t,2026-05-05 20:08:29.715274+00,f,,960,2,
646,payment_proofs/5458cacb-9bef-4caf-805c-fa5ea5901fb4/5AED4158-79F2-4527-A483-4585CFCA8B2C.jpeg,2026-05-05 17:58:09.113346+00,t,2026-05-05 20:08:31.38476+00,f,,958,2,
649,payment_proofs/d3fd88e3-9f86-4b87-bdf6-c804dc3f23db/IMG_8897.png,2026-05-05 20:36:20.421152+00,t,2026-05-05 20:37:19.15049+00,f,,961,2,payment_proofs/d3fd88e3-9f86-4b87-bdf6-c804dc3f23db/IMG_8897_Cn8fDew.png
651,payment_proofs/5b5ab094-fb5a-4c9f-9cea-af80a9540c0e/1000100150.jpg,2026-05-06 17:44:13.552376+00,t,2026-05-06 19:56:51.313884+00,f,,964,2,payment_proofs/5b5ab094-fb5a-4c9f-9cea-af80a9540c0e/1000100150_WkWVGzU.jpg
652,payment_proofs/71f3a3a7-88f0-4df8-991f-ebe1235e23ea/Screenshot_20260506_202317_Messages.jpg,2026-05-06 19:23:39.384557+00,t,2026-05-06 19:57:00.139323+00,f,,965,2,
653,payment_proofs/b3ed059c-5bd1-4b71-adf5-8f83b1719745/IMG_0825.png,2026-05-06 19:40:52.177118+00,t,2026-05-06 19:57:03.573194+00,f,,966,2,
654,payment_proofs/f35c6828-7dc3-46fa-934f-331981f9d4aa/1000219850.png,2026-05-06 20:22:20.381422+00,f,,t,,970,,
656,payment_proofs/25432d52-3933-4bcf-9616-ee0a37b0df33/IMG_7763.jpeg,2026-05-07 13:10:42.824379+00,t,2026-05-07 16:22:21.364147+00,f,,971,2,
655,payment_proofs/8e4b344a-ab8c-48d9-afa0-9f451ae21778/1000220054.png,2026-05-07 06:40:22.629031+00,t,2026-05-07 16:23:12.393728+00,f,,969,2,
657,payment_proofs/b10a93b6-c60d-4bfd-9419-01a646cb663b/1000534882.png,2026-05-07 17:04:38.574424+00,t,2026-05-07 17:07:17.877589+00,f,,972,2,payment_proofs/b10a93b6-c60d-4bfd-9419-01a646cb663b/1000534883.png
659,payment_proofs/7f936385-9f49-48af-a1f9-454e65fd76ec/1000306410.jpg,2026-05-07 18:59:24.276856+00,t,2026-05-07 20:14:52.645031+00,f,,974,2,
658,payment_proofs/d3d7819a-0f6a-4d54-9e25-dc6ca69ddeb6/IMG_7765.jpeg,2026-05-07 17:57:50.404346+00,t,2026-05-07 20:18:31.850299+00,f,,973,2,
660,payment_proofs/074fac1e-a7b3-4171-ae5f-538f6aee4e31/IMG_3939.png,2026-05-07 20:30:46.524921+00,t,2026-05-07 21:06:10.153206+00,f,,975,2,
661,payment_proofs/71e45f3b-9a8c-4feb-8c8d-cf3f725b7324/image.jpg,2026-05-07 22:08:46.263142+00,t,2026-05-07 22:13:46.367325+00,f,,976,2,
665,payment_proofs/d0e7bb78-d21b-46c8-8cb0-52610cf0fc85/IMG_6096.png,2026-05-07 22:48:18.026071+00,t,2026-05-07 23:26:10.532661+00,f,,977,2,payment_proofs/d0e7bb78-d21b-46c8-8cb0-52610cf0fc85/IMG_6096_edNJdCx.png
666,payment_proofs/6375d5b6-1f64-4d75-a4eb-9b51c160da39/image.jpg,2026-05-08 07:29:58.9694+00,t,2026-05-08 08:26:40.915665+00,f,,978,2,
667,payment_proofs/ebffdc28-f97c-4ada-85f0-648737db9b68/245061.jpg,2026-05-08 16:12:48.086908+00,t,2026-05-08 16:16:34.266453+00,f,,980,2,
668,payment_proofs/48d2ece6-211f-457c-a8f7-65746b8da88d/IMG_7356.png,2026-05-08 16:34:45.897982+00,t,2026-05-08 19:34:15.426251+00,f,,981,2,
669,payment_proofs/e364e9b0-1a21-47e3-bd25-209404d33551/Screenshot_20260508_182805_Messages.jpg,2026-05-08 17:40:32.95135+00,t,2026-05-08 20:38:11.654002+00,f,,982,2,
670,payment_proofs/bf250530-03f4-40b8-a645-b854aaaf6899/1000102713.jpg,2026-05-09 07:42:43.685129+00,t,2026-05-09 10:04:40.76696+00,f,,984,2,payment_proofs/bf250530-03f4-40b8-a645-b854aaaf6899/1000102713_C81sT4D.jpg
671,payment_proofs/5ba7c240-8bfb-49a7-a213-3a188f943546/Screenshot_20260509_133430_Mood.jpg,2026-05-09 12:37:44.761914+00,t,2026-05-09 16:25:59.973405+00,f,,985,2,
672,payment_proofs/1b953e66-0497-42f5-8b4e-1cc7cc1c7555/Screenshot_20260509_133558_Mood.jpg,2026-05-09 12:38:17.853065+00,t,2026-05-09 16:26:02.311556+00,f,,986,2,
673,payment_proofs/81031710-7460-4830-ad97-243986fdc248/1000163637.png,2026-05-09 16:52:01.302712+00,t,2026-05-09 16:52:47.460881+00,f,,988,2,
675,payment_proofs/1c308994-fd36-490b-80c1-23be91b6fdb1/IMG_9677.png,2026-05-09 17:09:55.151748+00,t,2026-05-09 17:19:27.221891+00,f,,989,2,
674,payment_proofs/0f65981a-d17f-4890-8569-7dc9c18709f8/IMG_9677.png,2026-05-09 17:09:32.547229+00,t,2026-05-09 17:19:27.916087+00,f,,983,2,
676,payment_proofs/fdcee69e-a350-4ad7-b215-d7aecaf5f5cf/IMG_3867.png,2026-05-09 17:37:08.205793+00,t,2026-05-09 17:37:33.614165+00,f,,963,2,
677,payment_proofs/dc7b7985-5b0d-44af-b40f-eeca855997e1/Screen_g8zkEZI.google.android.apps.messaging.jpg,2026-05-09 20:08:54.292036+00,t,2026-05-09 20:14:18.264558+00,f,,990,2,payment_proofs/dc7b7985-5b0d-44af-b40f-eeca855997e1/Screen_ULtB5sb.google.android.apps.messaging.jpg
679,payment_proofs/60d78734-4e96-4316-854e-579fca9697cc/IMG_2528.png,2026-05-09 20:21:34.959439+00,t,2026-05-09 20:23:13.824834+00,f,,992,2,
678,payment_proofs/2cb7dff9-054d-4b69-b01d-4fffb935bc6f/IMG_2526.png,2026-05-09 20:19:42.858817+00,t,2026-05-09 20:23:14.3767+00,f,,991,2,
680,payment_proofs/603b9463-8bc2-478d-a82b-c69f455be6c5/Screenshot_20260509-213745.png,2026-05-09 20:40:23.207414+00,t,2026-05-09 20:55:59.24518+00,f,,994,2,
681,payment_proofs/755ee05e-8c32-4428-b0b4-28c093f1a3d1/Screenshot_20260509-214009.jpg,2026-05-09 20:43:23.766514+00,t,2026-05-09 20:56:16.498732+00,f,,993,2,
686,payment_proofs/ffc7ada1-afd2-4cac-bc5b-a6ec0beb8686/C7BC1CF7-04AD-439D-B6AA-A65FB9DD3C15.jpeg,2026-05-10 17:58:01.410656+00,t,2026-05-10 18:38:11.344053+00,f,,1003,2,
685,payment_proofs/0331c429-995f-42c4-b007-6eacd1b3df89/1000103724.jpg,2026-05-10 17:55:48.181078+00,t,2026-05-10 19:11:11.806876+00,f,,1004,2,payment_proofs/0331c429-995f-42c4-b007-6eacd1b3df89/1000103724_klKmD3W.jpg
682,payment_proofs/c31a2b84-4f42-4803-a5c8-c6c95d89f47a/139861.jpg,2026-05-10 08:18:17.743077+00,t,2026-05-10 19:11:14.211015+00,f,,999,2,
684,payment_proofs/e2d203e8-3bae-4745-a0ce-4a4c70bbda17/139865.jpg,2026-05-10 08:25:56.957172+00,t,2026-05-10 19:11:21.422661+00,f,,1002,2,
683,payment_proofs/3adf8e73-8d6c-4096-a61b-1b5ddee89756/139863.jpg,2026-05-10 08:23:05.317623+00,t,2026-05-10 19:11:23.431983+00,f,,1000,2,
687,payment_proofs/daded6c7-7489-43fa-a857-1341cdf0dca0/191271.jpg,2026-05-10 19:11:43.591367+00,t,2026-05-10 19:26:42.690518+00,f,,1006,2,payment_proofs/daded6c7-7489-43fa-a857-1341cdf0dca0/191271_1AzXL9S.jpg
688,payment_proofs/1cd4cf01-cb1f-45df-88f2-4267a6e69c45/Screenshot_20260511_114321_Messages.jpg,2026-05-11 10:43:50.309303+00,t,2026-05-11 13:45:26.051439+00,f,,1007,2,
689,payment_proofs/d4308e71-a639-41ae-a2e4-a447b35cde4b/Screenshot_20260511_114608_Messages.jpg,2026-05-11 10:46:30.504795+00,t,2026-05-11 13:45:35.707457+00,f,,1008,2,
690,payment_proofs/662f7e9b-b9ea-4c18-8250-2ce715539a24/image.jpg,2026-05-11 14:19:59.938632+00,t,2026-05-11 14:37:21.091483+00,f,,1014,2,
710,payment_proofs/b8edc308-e41f-4510-af58-483671cf1488/IMG_7854.jpeg,2026-05-13 16:46:42.441456+00,t,2026-05-13 17:05:56.925723+00,f,,1060,2,
884,payment_proofs/64213739-a796-4af0-8dae-11a38299e86c/IMG_9524.jpeg,2026-06-03 15:32:59.65293+00,t,2026-06-03 15:36:07.738702+00,f,,1318,2,
692,payment_proofs/3903062e-9353-41ca-b127-71df1c75c5fa/IMG_1681.jpeg,2026-05-11 18:08:34.232258+00,t,2026-05-11 18:09:27.579516+00,f,,1025,2,payment_proofs/3903062e-9353-41ca-b127-71df1c75c5fa/IMG_1681_FYsE4HU.jpeg
712,payment_proofs/4758705f-3e64-40b3-bea5-26b0835b20bb/IMG_8870.png,2026-05-13 23:41:52.287629+00,t,2026-05-14 10:16:25.038258+00,f,,1064,2,payment_proofs/4758705f-3e64-40b3-bea5-26b0835b20bb/IMG_8871.png
716,payment_proofs/f910db66-5b56-41d0-b99f-12bbb69f135c/Screenshot_20260514_122655_Messages.jpg,2026-05-14 11:27:29.040613+00,t,2026-05-14 11:40:59.931379+00,f,,1067,2,
717,payment_proofs/b3d43697-236e-4c17-bd08-2ecb2b0a92af/Screenshot_20260514_122655_Messages.jpg,2026-05-14 11:28:09.484573+00,t,2026-05-14 11:41:01.137947+00,f,,1068,2,
718,payment_proofs/bfaf88f9-8bf1-42bb-b87d-ee52341a676c/1003279834.jpg,2026-05-14 11:29:16.517381+00,t,2026-05-14 12:05:49.683305+00,f,,1069,2,
721,payment_proofs/1cbc9ca1-3f4f-46d1-a058-0cf3a11e9f9f/Screenshot_20260514-140619.png,2026-05-14 13:07:43.197162+00,t,2026-05-14 13:11:25.350578+00,f,,1073,2,payment_proofs/1cbc9ca1-3f4f-46d1-a058-0cf3a11e9f9f/Screenshot_20260514-140619_PUXhVwb.png
693,payment_proofs/29de8fab-6fe3-4b10-90fc-4c3618133bf6/1778524721429.jpg,2026-05-11 18:39:26.004424+00,t,2026-05-11 19:47:43.120978+00,f,,1026,2,
694,payment_proofs/49e643aa-0ef0-4247-b1f4-549f7aa6a50d/Screenshot_20260511_194736_Orange_Money.jpg,2026-05-11 18:48:02.842131+00,t,2026-05-11 19:49:13.476681+00,f,,1027,2,
695,payment_proofs/cf2892a7-fcc5-4137-9249-1835081349f1/Screenshot_20260511_194736_Orange_Money.jpg,2026-05-11 18:48:43.197469+00,t,2026-05-11 19:49:14.51051+00,f,,1029,2,
698,payment_proofs/968b16a1-c944-4186-899a-59f01cb15f06/Screenshot_20260511_194736_Orange_Money.jpg,2026-05-11 18:51:26.301668+00,t,2026-05-11 19:49:15.612251+00,f,,1032,2,
697,payment_proofs/80443745-84c8-4718-b09c-ccc87a7e4e5e/Screenshot_20260511_194736_Orange_Money.jpg,2026-05-11 18:50:33.097445+00,t,2026-05-11 19:49:16.759614+00,f,,1031,2,
696,payment_proofs/4cd7dc64-3adb-46c1-89e3-7eee75d9be99/Screenshot_20260511_194736_Orange_Money.jpg,2026-05-11 18:50:01.143948+00,t,2026-05-11 19:49:17.902021+00,f,,1030,2,
724,payment_proofs/6774cfd6-b120-44a6-8667-55c368e02904/1000689801.jpg,2026-05-15 09:40:50.255299+00,t,2026-05-15 10:14:19.615767+00,f,,1076,2,
723,payment_proofs/a2ef6b6a-3fbf-472f-aad8-87189a27e466/1000570188.png,2026-05-15 08:50:33.954329+00,t,2026-05-15 10:17:50.832834+00,f,,1075,2,
700,payment_proofs/3e35b519-baa7-47c4-8643-23c345a5c098/1000398763.jpg,2026-05-11 20:11:29.723181+00,t,2026-05-12 05:29:33.454259+00,f,,1035,2,payment_proofs/3e35b519-baa7-47c4-8643-23c345a5c098/1000398762.jpg
701,payment_proofs/3a58708e-960a-4f30-92f8-02954b0c6a9f/1000268422.jpg,2026-05-12 01:10:56.573579+00,t,2026-05-12 05:29:34.162761+00,f,,1037,2,
725,payment_proofs/249c2249-0534-444b-a0e0-35dc562a8181/IMG_6714.png,2026-05-15 13:05:18.032175+00,t,2026-05-15 13:34:22.610508+00,f,,1077,2,
704,payment_proofs/3917d40b-22c0-443d-866e-18c1518c4ca8/IMG_5022.png,2026-05-12 08:18:03.632924+00,t,2026-05-12 08:42:22.756731+00,f,,1041,2,
726,payment_proofs/3483ff10-39ff-4d4f-a53b-20429eabefb1/Screenshot_20260515-143114_Orange_Max_it.jpg,2026-05-15 13:31:54.723044+00,t,2026-05-15 18:08:21.724788+00,f,,1078,2,
727,payment_proofs/7ffe6e30-08a1-410e-a13e-ebfff203fa4f/1000459145.png,2026-05-15 20:54:10.163622+00,t,2026-05-15 21:08:23.514026+00,f,,1079,2,
728,payment_proofs/e9fd4702-5d25-4648-9391-1fb83626f334/1000459149.png,2026-05-15 20:56:25.626746+00,t,2026-05-15 21:08:24.782473+00,f,,1080,2,
731,payment_proofs/dbc2aeab-528a-402f-ab7b-bbe7c4cfd555/IMG_3503.jpeg,2026-05-16 16:30:55.138449+00,t,2026-05-16 16:57:40.751688+00,f,,1085,2,
732,payment_proofs/31be9571-00b8-44c9-b7ca-a85dfcb16546/SmartSelect_20260516_181137_Messages.jpg,2026-05-16 17:12:08.246119+00,t,2026-05-16 17:14:26.307566+00,f,,1086,2,
730,payment_proofs/7e0decdd-b020-4460-8302-7e3c05a7fbcf/1000093576.jpg,2026-05-16 14:57:07.349736+00,t,2026-05-16 17:15:38.237988+00,f,,1084,2,
733,payment_proofs/a5c86617-b1ab-4b0b-8e5c-ccda74ea8925/002f8b7f-7ae8-4de5-95b8-1fb7a3c232bc.jpeg,2026-05-16 18:37:15.195906+00,t,2026-05-16 19:47:52.397468+00,f,,1090,2,
735,payment_proofs/fa53a3f4-24eb-4184-8772-d124a94a6a26/IMG_7033.png,2026-05-16 21:27:43.467547+00,t,2026-05-16 21:30:32.28419+00,f,,1094,2,
734,payment_proofs/ad5b921d-1482-4f6c-b20d-baf46a453412/1000012886.jpg,2026-05-16 21:05:32.391766+00,t,2026-05-16 21:47:46.146089+00,f,,1093,2,
729,payment_proofs/03bed173-0293-44d2-b95c-413759e79d26/IMG_2739.png,2026-05-16 14:01:27.985012+00,t,2026-05-16 21:47:47.630104+00,f,,1082,2,
741,payment_proofs/b8535344-fb0a-4ef2-a332-f42b2edd6b48/IMG_9525.png,2026-05-17 14:18:11.006214+00,t,2026-05-17 14:19:38.655769+00,f,,1101,2,payment_proofs/b8535344-fb0a-4ef2-a332-f42b2edd6b48/IMG_9525_NQ860jE.png
740,payment_proofs/bcb70575-4d88-4b62-ae18-6d4bbe084f3d/image.jpg,2026-05-17 11:20:58.575948+00,t,2026-05-17 14:19:39.929221+00,f,,1100,2,payment_proofs/bcb70575-4d88-4b62-ae18-6d4bbe084f3d/image_o2iDzP2.jpg
736,payment_proofs/a150d6c5-0eef-4944-bf3a-7b31e3a6b325/IMG_7701.jpeg,2026-05-17 01:03:35.860759+00,t,2026-05-17 14:19:47.735074+00,f,,1095,2,payment_proofs/a150d6c5-0eef-4944-bf3a-7b31e3a6b325/IMG_7700.png
737,payment_proofs/29731e79-39ad-4266-bf83-d66240af393b/IMG_7704.jpeg,2026-05-17 01:07:26.854317+00,t,2026-05-17 14:19:48.19841+00,f,,1096,2,payment_proofs/29731e79-39ad-4266-bf83-d66240af393b/IMG_7702.png
745,payment_proofs/9bbdab13-5376-4261-a19f-9d1870076e11/102600.png,2026-05-18 12:29:57.426619+00,t,2026-05-18 12:36:33.478362+00,f,,1109,2,payment_proofs/9bbdab13-5376-4261-a19f-9d1870076e11/102597.png
744,payment_proofs/2b63415c-fc27-4c8a-a71d-9ffedd4080fd/IMG_4705.png,2026-05-18 11:23:39.545067+00,t,2026-05-18 13:00:14.710381+00,f,,1106,2,payment_proofs/2b63415c-fc27-4c8a-a71d-9ffedd4080fd/IMG_4705_dvnHDI9.png
748,payment_proofs/76069632-b164-4f26-ac95-eef7b416e91a/17791110272943530169211228309502.jpg,2026-05-18 13:30:57.611726+00,t,2026-05-18 13:31:31.352077+00,f,,1111,2,
749,payment_proofs/d0ad79bc-3666-47e4-ad69-e8b229216367/IMG_7987.png,2026-05-18 18:10:29.124261+00,t,2026-05-18 18:11:15.383012+00,f,,1116,2,
743,payment_proofs/e7a0d798-9623-415a-a380-aed1567027e3/IMG_3155.png,2026-05-17 22:18:50.684142+00,t,2026-05-18 18:11:33.790969+00,f,,1104,2,
750,payment_proofs/e234bbc4-120e-4179-9364-599824388cde/IMG_7755.png,2026-05-18 18:22:09.768187+00,t,2026-05-18 18:23:51.79576+00,f,,1117,2,
742,payment_proofs/82337cf3-6218-493e-82a7-324d70f3a509/38880.jpg,2026-05-17 20:47:40.360158+00,t,2026-05-18 20:47:12.453134+00,f,,1102,2,payment_proofs/82337cf3-6218-493e-82a7-324d70f3a509/38883.jpg
754,payment_proofs/92b1e2a9-e8e7-4777-9900-56627dbae68f/IMG_2114.jpeg,2026-05-19 08:23:18.290296+00,t,2026-05-19 08:23:58.956364+00,f,,1124,2,
751,payment_proofs/ff4c3db6-b2d7-45c4-ac6a-2f644424b697/Screenshot_20260518_215141_Messages.jpg,2026-05-18 20:52:05.154106+00,t,2026-05-18 20:54:11.559047+00,f,,1119,2,
752,payment_proofs/7fce67b3-eae3-4546-91af-8c344c3dd78d/Screenshot_20260518_1puwyr1.callapp.contacts.jpg,2026-05-18 21:09:16.886168+00,t,2026-05-18 21:32:27.675612+00,f,,1120,2,payment_proofs/7fce67b3-eae3-4546-91af-8c344c3dd78d/Screenshot_20260518_UF4rMFJ.callapp.contacts.jpg
869,payment_proofs/4b2a6111-55c5-4c32-99f6-3f0dd9ec6b5f/IMG_2118.jpeg,2026-06-02 09:01:29.171577+00,t,2026-06-02 09:03:30.907765+00,f,,1289,2,payment_proofs/4b2a6111-55c5-4c32-99f6-3f0dd9ec6b5f/IMG_2118_zWb0Y51.jpeg
753,payment_proofs/98adc975-8590-4217-8813-136f3e5230d4/17791700144292524236905137031407.jpg,2026-05-19 05:54:54.852877+00,t,2026-05-19 06:00:00.312477+00,f,,1122,2,payment_proofs/98adc975-8590-4217-8813-136f3e5230d4/17791700644663147163973435552610.jpg
1074,payment_proofs/06885473-4b18-4a4b-838b-f8a6531dc3e4/17821321516834251054581586751244.jpg,2026-06-22 12:43:56.05964+00,t,2026-06-22 12:46:35.095082+00,f,,1639,2,
1080,payment_proofs/61257959-3673-407d-8e37-de792ff9d42d/45391.jpg,2026-06-22 16:03:04.025271+00,t,2026-06-22 20:21:48.022256+00,f,,1643,2,
876,payment_proofs/13a2e775-78e5-4b3d-8dce-be48f7ee3f5a/Capture_décran_2026-06-03_160012.png,2026-06-03 14:01:24.425503+00,t,2026-06-03 14:20:25.449925+00,f,,1309,2,
879,payment_proofs/055b5bd5-857a-4c69-96cb-ac867ee50304/Capture_décran_2026-06-03_160812.png,2026-06-03 14:08:34.801524+00,t,2026-06-03 14:20:37.837916+00,f,,1312,2,payment_proofs/055b5bd5-857a-4c69-96cb-ac867ee50304/Capture_décran_2026-06-03_160812_LRQ60hA.png
885,payment_proofs/12dd6bf5-f904-46c9-83ad-bc25f57d4e79/IMG_1401.png,2026-06-03 15:46:40.394461+00,t,2026-06-03 15:47:03.132453+00,f,,1319,2,
887,payment_proofs/50223e45-c8b4-4f5d-b549-3706a64e8350/IMG_6271.jpeg,2026-06-04 07:09:59.450134+00,t,2026-06-04 07:11:28.774704+00,f,,1326,2,
889,payment_proofs/2849f746-4055-4752-a84d-2788f4952427/IMG_0919.png,2026-06-04 13:08:57.339865+00,t,2026-06-04 13:09:43.752686+00,f,,1330,2,
891,payment_proofs/61c9d0d3-7892-4b01-8204-03b301bbfda6/1d8c9c55-9c28-45c9-b6d4-8b7e22141d6c_AZRKoL4.jpg,2026-06-04 16:15:25.332152+00,t,2026-06-04 16:29:54.353608+00,f,,1333,2,
894,payment_proofs/7f8f5283-39b6-4d49-9468-6e2b5433b0d4/image.jpg,2026-06-05 17:41:56.676927+00,t,2026-06-05 17:55:01.252778+00,f,,1337,2,
897,payment_proofs/44782291-dbd1-4643-b7e9-3c91fa803eda/1000454169.jpg,2026-06-05 21:39:11.932533+00,t,2026-06-05 21:43:44.780866+00,f,,1344,2,
899,payment_proofs/241df196-1cb1-48a1-8bd6-2f6b1b71a4da/1001183607.jpg,2026-06-06 11:37:57.394899+00,t,2026-06-06 11:39:23.698154+00,f,,1351,2,
901,payment_proofs/7a343c5f-26d2-467b-ab1a-aac915535ac9/IMG_1325.png,2026-06-06 15:58:52.077651+00,t,2026-06-06 15:59:50.385922+00,f,,1356,2,payment_proofs/7a343c5f-26d2-467b-ab1a-aac915535ac9/IMG_1325_9q7ttxa.png
903,payment_proofs/e0c3e9e5-e939-43e2-9896-7834158f4dff/1000812838.png,2026-06-06 20:46:09.234349+00,t,2026-06-06 22:26:06.467582+00,f,,1362,2,payment_proofs/e0c3e9e5-e939-43e2-9896-7834158f4dff/1000812837.png
905,payment_proofs/72d2a43f-0be4-40ea-ac9b-fde1ad24056d/Screenshot_20260607-114559_Orange_Max_it.jpg,2026-06-07 11:02:28.896965+00,t,2026-06-07 11:02:50.317208+00,f,,1366,2,
906,payment_proofs/635aa534-fda4-4a20-b1a3-dd252247d714/IMG_7128.png,2026-06-07 16:31:37.833675+00,t,2026-06-07 22:00:37.953334+00,f,,1368,2,
909,payment_proofs/778cee39-5b36-401e-a464-bae87344ea22/IMG_5307.jpeg,2026-06-07 22:18:20.996152+00,t,2026-06-07 22:21:44.267026+00,f,,1372,2,
911,payment_proofs/ad48d83b-78c8-42aa-acfb-bae2433b8611/image.jpg,2026-06-08 12:32:33.453247+00,t,2026-06-08 13:32:49.368876+00,f,,1374,2,payment_proofs/ad48d83b-78c8-42aa-acfb-bae2433b8611/image_j85yPRR.jpg
913,payment_proofs/501b59cc-b4db-4b38-8bbb-45356d5909bd/Screenshot_20260608_200559_Orange_Money.jpg,2026-06-08 19:07:12.828735+00,t,2026-06-08 19:40:01.466747+00,f,,1378,2,
915,payment_proofs/eda7bc43-9ea7-45c6-a626-cdd80119ff21/Screenshot_20260608_200559_Orange_Money.jpg,2026-06-08 19:08:07.912209+00,t,2026-06-08 19:40:17.402689+00,f,,1380,2,
917,payment_proofs/31b9ff35-5e9d-4dcf-b3d6-42c6810f3442/Screenshot_20260608_200559_Orange_Money.jpg,2026-06-08 19:08:50.979794+00,t,2026-06-08 19:42:30.842533+00,f,,1382,2,
919,payment_proofs/18e9bcee-c30e-43ba-a27c-5bccf4b9a9e3/Screenshot_20260608-2257322.jpg,2026-06-08 22:01:23.373163+00,t,2026-06-08 22:03:03.573368+00,f,,1385,2,
922,payment_proofs/51cde290-45fc-449c-8cd9-4afeff5cf035/347878.png,2026-06-09 07:58:34.462323+00,t,2026-06-09 08:22:49.713408+00,f,,1387,2,
924,payment_proofs/b4ddd2aa-fb82-449d-8b3c-3a8db7cbd0be/1000011300.jpg,2026-06-09 08:32:23.629165+00,f,,t,MAUVAISE CAPTURE D'ECRAN,1391,,payment_proofs/b4ddd2aa-fb82-449d-8b3c-3a8db7cbd0be/1000011300_6W5EtSr.jpg
929,payment_proofs/de0ff3bc-93a6-4a72-9767-f549a0b9257a/1000011358.jpg,2026-06-09 09:00:07.815529+00,t,2026-06-09 09:05:22.311635+00,f,,1394,2,
931,payment_proofs/05a69a24-98df-4d30-b333-901e5cdf263d/1000484851.png,2026-06-09 11:58:00.662045+00,t,2026-06-09 12:26:09.652732+00,f,,1396,2,payment_proofs/05a69a24-98df-4d30-b333-901e5cdf263d/1000484850.png
933,payment_proofs/bb5d29e2-ada6-4e10-8413-f881fa9ddbf9/81892.png,2026-06-09 19:48:51.808266+00,t,2026-06-09 19:50:27.388053+00,f,,1399,2,
935,payment_proofs/6b6cbfd0-5418-465d-8e95-ff087a00218c/Screenshot_20260610_054139_Messages.jpg,2026-06-10 04:42:16.912123+00,t,2026-06-10 04:45:45.034814+00,f,,1414,2,
936,payment_proofs/88df0dff-b6cd-4c77-9d05-4779c921838e/IMG_0415.jpeg,2026-06-10 04:49:58.88041+00,t,2026-06-10 04:50:54.902576+00,f,,1415,2,
937,payment_proofs/02340c96-5288-4c85-b9aa-827fe47783cb/EAEC72D5-32F7-41FB-885A-0D612873CAE9.jpeg,2026-06-10 07:32:29.198338+00,t,2026-06-10 07:33:03.57429+00,f,,1416,2,
939,payment_proofs/1e9bcda7-26c2-449e-8cb2-6bdc75d281d5/23853.jpg,2026-06-10 11:30:07.522708+00,t,2026-06-10 11:42:17.51254+00,f,,1418,2,payment_proofs/1e9bcda7-26c2-449e-8cb2-6bdc75d281d5/23853_PYseV3d.jpg
941,payment_proofs/df31c8ae-2726-4f7a-b3c7-066fc82ae335/IMG_0852.jpeg,2026-06-10 19:57:38.230637+00,t,2026-06-10 20:30:07.422766+00,f,,1422,2,
942,payment_proofs/3b7dcd8b-1cf8-42a9-87c9-7be9a569f07b/IMG_2257.png,2026-06-10 21:34:15.646634+00,t,2026-06-10 21:36:00.310588+00,f,,1423,2,
943,payment_proofs/17eb21ab-7947-4e50-aeb0-943a886bdc97/IMG_0258.png,2026-06-11 00:36:16.76636+00,t,2026-06-11 00:43:03.806721+00,f,,1425,2,
944,payment_proofs/17992713-2ddb-403e-8192-f82b7caa5d77/Screenshot_20260611_061428_Messages.jpg,2026-06-11 05:15:05.379285+00,t,2026-06-11 14:36:57.36123+00,f,,1429,2,
945,payment_proofs/3884ba5b-43d2-46a0-9223-fc5aadfa6973/1000520564.jpg,2026-06-11 09:41:00.677807+00,t,2026-06-11 14:37:03.895463+00,f,,1433,2,
946,payment_proofs/ec92d42b-784c-48b9-a037-5b0b861852ec/1000796032.png,2026-06-11 16:25:09.674636+00,t,2026-06-11 17:15:06.155448+00,f,,1427,2,
947,payment_proofs/7f2a6158-da20-4601-8c82-f708f1dc3be5/IMG_1283.jpeg,2026-06-11 16:58:16.663551+00,t,2026-06-11 17:15:08.47654+00,f,,1435,2,
949,payment_proofs/1931c473-9238-4c6a-96e1-52b826c55d9c/1001200998.jpg,2026-06-11 19:06:47.453746+00,t,2026-06-11 20:06:41.541075+00,f,,1442,2,
755,payment_proofs/8066da21-1cc8-479e-9e22-f66a5d380aff/image.jpg,2026-05-19 18:31:39.303202+00,t,2026-05-19 19:13:25.794233+00,f,,1125,2,
868,payment_proofs/69fa4359-7f0a-48eb-9b8d-dcdff040368b/IMG_6857.jpeg,2026-06-02 08:59:25.097324+00,t,2026-06-02 09:03:28.817292+00,f,,1290,2,payment_proofs/69fa4359-7f0a-48eb-9b8d-dcdff040368b/IMG_6857_piWiLTE.jpeg
757,payment_proofs/de7d6cfe-c241-4766-8108-ef663c4be6ce/IMG_7943.jpeg,2026-05-20 19:10:40.070624+00,t,2026-05-20 19:11:52.155974+00,f,,1130,2,
758,payment_proofs/11336772-b2cc-4524-82aa-988928571283/IMG_2371.jpeg,2026-05-20 19:35:37.878414+00,t,2026-05-20 20:05:50.612926+00,f,,1131,2,
760,payment_proofs/af343d33-fba1-442e-a086-d1e833f2714a/17793087547447893040896430880641.jpg,2026-05-20 20:29:39.783023+00,t,2026-05-20 21:04:19.234713+00,f,,1132,2,
761,payment_proofs/bc03e065-7430-4a6c-a5e9-7b82ca488bd2/image.jpg,2026-05-20 21:26:46.583326+00,t,2026-05-20 21:58:44.222845+00,f,,1134,2,payment_proofs/bc03e065-7430-4a6c-a5e9-7b82ca488bd2/image_UY5lRly.jpg
763,payment_proofs/9fa2ac73-1076-4faa-a471-8cb9bb9b0ee9/image.jpg,2026-05-21 07:46:14.362606+00,t,2026-05-21 09:36:22.673575+00,f,,1135,2,
921,payment_proofs/2b97001d-db75-4824-bb55-03828839c19e/445486.png,2026-06-09 07:56:40.00371+00,t,2026-06-09 07:58:47.785391+00,f,,1388,2,
764,payment_proofs/c10a73be-831e-46e4-8ea5-356225ef639f/IMG_0055.png,2026-05-21 12:52:44.065556+00,t,2026-05-21 12:53:37.879368+00,f,,1136,2,
765,payment_proofs/f62d0422-b812-4e0c-93e3-1684fbcc7cf7/Screenshot_20260521_143648_Orange_Max_it.jpg,2026-05-21 13:37:12.503799+00,t,2026-05-21 13:38:30.502362+00,f,,1138,2,
768,payment_proofs/c562e565-e1fc-4e47-8bab-36f3d942835b/Screenshot_20260521-174519.png,2026-05-21 16:45:50.778409+00,t,2026-05-21 17:22:57.853578+00,f,,1141,2,
767,payment_proofs/d47e2249-8aca-4eca-9b6b-e4f2fad279e8/IMG_3876.jpeg,2026-05-21 15:07:10.848445+00,t,2026-05-21 17:25:24.201777+00,f,,1140,2,payment_proofs/d47e2249-8aca-4eca-9b6b-e4f2fad279e8/IMG_3877.jpeg
766,payment_proofs/2d70ab81-328f-49c1-a0a3-b2705a64c665/IMG_3875.jpeg,2026-05-21 14:46:32.740423+00,t,2026-05-21 17:25:28.683526+00,f,,1139,2,
771,payment_proofs/9d39cef0-0b2e-4f91-9b05-31b73bda0933/IMG_2063.jpeg,2026-05-21 19:05:44.456164+00,t,2026-05-21 19:45:30.644748+00,f,,1146,2,payment_proofs/9d39cef0-0b2e-4f91-9b05-31b73bda0933/IMG_2062.jpeg
770,payment_proofs/d695df2f-19fe-41a9-a59f-923ff573d8da/IMG_3881.jpeg,2026-05-21 17:52:19.006246+00,t,2026-05-21 19:46:06.491109+00,f,,1145,2,
769,payment_proofs/ab3cf68c-7a3c-463a-b02d-9e0f3df54c58/IMG_3880.jpeg,2026-05-21 17:49:32.401256+00,t,2026-05-21 19:47:40.40978+00,f,,1142,2,
772,payment_proofs/6585bc56-bf50-49ae-a2bf-dd734796b3c4/1000801500.png,2026-05-21 20:52:05.343608+00,t,2026-05-22 11:41:12.211305+00,f,,1147,2,
773,payment_proofs/dd8fc0d5-89f5-4824-a610-1eb74eab7c5e/IMG_3430.jpeg,2026-05-22 03:55:37.035916+00,t,2026-05-22 16:14:28.778841+00,f,,1149,2,payment_proofs/dd8fc0d5-89f5-4824-a610-1eb74eab7c5e/IMG_3429.jpeg
774,payment_proofs/385ca004-1967-4ef4-adeb-7e569e165e94/IMG_1944.jpeg,2026-05-22 15:35:41.234174+00,t,2026-05-22 16:16:28.181964+00,f,,1152,2,payment_proofs/385ca004-1967-4ef4-adeb-7e569e165e94/IMG_1944_xnl8BfC.jpeg
775,payment_proofs/7d7f0cbb-bd2b-4146-b78b-e4126bb5f3ac/1000061975.jpg,2026-05-23 11:27:01.856247+00,t,2026-05-23 12:36:31.57933+00,f,,1158,2,
776,payment_proofs/7c941798-41f2-48a2-a365-327f20625643/1001075804.jpg,2026-05-23 13:49:53.333087+00,t,2026-05-23 13:54:13.443496+00,f,,1160,2,
777,payment_proofs/d5e6f999-48c3-4719-b0b7-3b8e32565f69/IMG_9231.png,2026-05-23 14:05:34.12918+00,t,2026-05-23 14:14:23.500044+00,f,,1161,2,payment_proofs/d5e6f999-48c3-4719-b0b7-3b8e32565f69/IMG_9231_SotcZPb.png
779,payment_proofs/f3a5fb7f-5ea1-4b67-b184-4b5bb394b93c/1000029293.png,2026-05-23 15:16:57.2596+00,t,2026-05-23 15:25:35.812663+00,f,,1163,2,
778,payment_proofs/abaa7f5b-617a-4427-aa9e-6cb6dbd68273/IMG_8356.jpeg,2026-05-23 14:29:28.995937+00,t,2026-05-23 15:25:47.995659+00,f,,1162,2,
780,payment_proofs/bcb4fca0-5660-468c-839f-5079c9a4903d/IMG_8866.jpeg,2026-05-23 17:28:04.105078+00,t,2026-05-23 17:28:59.760846+00,f,,1164,2,
781,payment_proofs/51b5f2ec-7901-4018-9870-31e70a866765/IMG_8867.jpeg,2026-05-23 17:35:23.321284+00,t,2026-05-23 17:39:23.526946+00,f,,1165,2,
783,payment_proofs/b2048a2a-8c9b-4066-b6e3-d79c3910f809/Screenshot_20260524-081423.jpg,2026-05-24 07:28:36.740876+00,t,2026-05-24 07:43:49.060264+00,f,,1167,2,payment_proofs/b2048a2a-8c9b-4066-b6e3-d79c3910f809/Screenshot_20260524-081423_WoSZ86L.jpg
782,payment_proofs/0e6cc60c-4bdc-47e6-9d08-f9824f8b324f/IMG_6943.jpeg,2026-05-24 06:51:45.227563+00,t,2026-05-24 12:38:00.627306+00,f,,1166,2,
784,payment_proofs/0f33ce94-be8e-4145-be86-5a3ec139dfd6/aa17670b-5a72-46b2-b0e5-f5f9c5c99ad8.jpeg,2026-05-24 15:05:14.977812+00,t,2026-05-24 15:06:26.52864+00,f,,1169,2,payment_proofs/0f33ce94-be8e-4145-be86-5a3ec139dfd6/aa17670b-5a72-46b2-b0e5-f5f9c5c99ad_3EAX0k6.jpeg
785,payment_proofs/080e9883-ab33-4d3d-976b-16f251aa0b8f/1000866485.jpg,2026-05-24 16:24:03.363212+00,t,2026-05-24 16:35:00.776916+00,f,,1170,2,
787,payment_proofs/823a03da-6994-469c-9cb5-96ef3cca03f5/Screenshot_20260524-1910132.jpg,2026-05-24 18:13:40.071162+00,t,2026-05-24 18:36:40.13135+00,f,,1173,2,
786,payment_proofs/9ffaaae3-1ceb-4236-8b63-ecd6e725d559/Screenshot_20260524-1911272.jpg,2026-05-24 18:12:37.717647+00,t,2026-05-24 23:34:55.539746+00,f,,1172,2,
788,payment_proofs/08e68b17-536d-4a1d-a1b5-51903de71f25/Screenshot_20260524-1911272.jpg,2026-05-24 18:14:09.095552+00,f,,t,,1174,,
789,payment_proofs/41c1f8d2-1680-4fbe-809f-6f49db115b9e/Screenshot_20260525-104511.jpg,2026-05-25 09:47:06.081536+00,t,2026-05-25 09:49:15.065886+00,f,,1175,2,
794,payment_proofs/b85039dd-bbb9-4219-bf62-87e7e0b3188e/IMG_4150.png,2026-05-25 12:45:36.450258+00,t,2026-05-25 17:47:19.268777+00,f,,1181,2,payment_proofs/b85039dd-bbb9-4219-bf62-87e7e0b3188e/IMG_4150_CQPWllM.png
795,payment_proofs/410a90a6-0213-4914-a6a0-da106f2af164/IMG_1113.png,2026-05-25 18:16:08.972452+00,t,2026-05-25 18:58:19.584071+00,f,,1184,2,
797,payment_proofs/0dcb36d3-9a93-45b3-b60f-dccc508f5e7a/IMG_1113.png,2026-05-25 19:28:41.775986+00,t,2026-05-25 19:40:31.412633+00,f,,1188,2,
798,payment_proofs/7894d1e4-7c9f-4c3d-aa92-99a2732c4561/402986.png,2026-05-25 23:21:05.936691+00,t,2026-05-26 00:26:32.778576+00,f,,1189,2,
799,payment_proofs/3f8508ee-ee02-4c0d-9d6c-71e1b1988547/402993.png,2026-05-25 23:23:46.107732+00,t,2026-05-26 00:26:56.86169+00,f,,1190,2,
800,payment_proofs/71022709-99a3-4ee0-97f5-1d086103ab41/image.jpg,2026-05-26 07:28:26.421788+00,t,2026-05-26 11:29:12.863346+00,f,,1191,2,
802,payment_proofs/67d2361a-68f8-40a0-a74f-1181d61e8d69/1001688278.jpg,2026-05-26 16:23:02.361925+00,t,2026-05-26 16:45:18.375087+00,f,,1193,2,
801,payment_proofs/3da28ba0-1e5a-4b9e-bcc4-c4221760334c/1001688275.jpg,2026-05-26 16:21:26.380031+00,t,2026-05-26 16:45:31.852083+00,f,,1192,2,
804,payment_proofs/305f1f11-d931-49b7-8198-15e2ad32bc4c/Screenshot_2026_0526_234711.jpg,2026-05-26 22:48:09.168971+00,t,2026-05-26 22:53:04.093877+00,f,,1196,2,
803,payment_proofs/64856010-2b37-4e26-b5bd-248d97db41cc/Screenshot_2026_0526_234356.jpg,2026-05-26 22:44:20.521186+00,t,2026-05-26 22:53:03.071068+00,f,,1195,2,
805,payment_proofs/bda442a3-b3c7-4f17-82c2-ed22b5317b55/IMG_2020.png,2026-05-27 09:36:03.117215+00,t,2026-05-27 09:38:09.721087+00,f,,1198,2,
870,payment_proofs/5bd512be-5c4d-4deb-a233-1bc8b6084e3f/IMG_1800.jpeg,2026-06-02 09:29:01.527+00,t,2026-06-02 09:29:48.615159+00,f,,1292,2,
874,payment_proofs/1a2ba3c2-defc-4664-9221-7456922f6422/1000127691.jpg,2026-06-03 12:36:39.548508+00,t,2026-06-03 12:39:59.047156+00,f,,1305,2,
1075,payment_proofs/26a1e8d9-da05-4c9b-bfc1-fb35fa2a5492/IMG_1809.png,2026-06-22 13:34:05.37797+00,t,2026-06-22 13:43:14.064218+00,f,,1640,2,
1325,payment_proofs/d75672bd-5190-4dea-bcbc-9992f6feec2e/IMG_2280.png,2026-07-12 10:04:04.565818+00,t,2026-07-12 10:10:28.339346+00,f,,2074,2,payment_proofs/d75672bd-5190-4dea-bcbc-9992f6feec2e/IMG_2281.png
809,payment_proofs/5dbb6c6a-7ba7-4977-a893-89d096f1389b/Screenshot_20260527_132038_Messages.jpg,2026-05-27 12:21:06.824253+00,t,2026-05-27 12:24:03.138228+00,f,,1202,2,
808,payment_proofs/f69e14c4-22a6-44d7-827a-87fa2c83e5f0/17798830443251047497640148477164.jpg,2026-05-27 11:58:04.38881+00,t,2026-05-27 12:24:20.501872+00,f,,1201,2,
807,payment_proofs/f6d4b3be-bc5a-4988-905b-8d1f9276f9ee/17798829348376186581279547132164.jpg,2026-05-27 11:56:05.404199+00,t,2026-05-27 12:24:40.891738+00,f,,1200,2,
806,payment_proofs/2a9db985-2620-4a32-bc6d-a2868d056aa9/17798828175821328864086768721886.jpg,2026-05-27 11:54:11.526801+00,t,2026-05-27 12:26:12.558832+00,f,,1199,2,
796,payment_proofs/27d776b3-d2b0-4be9-aa74-b4ed419ca0e4/IMG_3396.png,2026-05-25 18:55:16.990993+00,t,2026-05-27 12:26:31.175963+00,f,,1186,2,payment_proofs/27d776b3-d2b0-4be9-aa74-b4ed419ca0e4/IMG_3396_W225qLC.png
811,payment_proofs/5ce0f074-749c-4550-baf0-3208cc756bef/Screenshot_20260527_211534_Messages.jpg,2026-05-27 20:15:57.65829+00,t,2026-05-27 20:21:45.317963+00,f,,1203,2,
812,payment_proofs/e7a21320-8fd8-49cb-9a9b-190bd99c7f24/Screenshot_20260527_212158_Messages.jpg,2026-05-27 20:22:22.774867+00,t,2026-05-27 20:24:20.640327+00,f,,1205,2,
813,payment_proofs/b79f54b0-1221-4b8e-920e-d45e97df3e9d/1000447881.jpg,2026-05-27 21:59:06.075607+00,t,2026-05-27 22:41:34.393489+00,f,,1206,2,
814,payment_proofs/b2dc46c0-28ac-46ab-a07a-e682bc8d4746/1000016167.png,2026-05-28 08:33:48.914364+00,t,2026-05-28 10:39:00.607839+00,f,,1207,2,
815,payment_proofs/6b8e8efc-ef39-4eeb-9955-f52c44808b25/IMG_5336.jpeg,2026-05-28 11:12:28.705464+00,t,2026-05-28 11:39:12.438825+00,f,,1208,2,payment_proofs/6b8e8efc-ef39-4eeb-9955-f52c44808b25/IMG_5337.jpeg
817,payment_proofs/f9007698-1af9-4f4a-b5d1-7e1e8f839eec/75415.jpg,2026-05-28 11:32:19.67194+00,t,2026-05-28 11:39:19.126825+00,f,,1210,2,payment_proofs/f9007698-1af9-4f4a-b5d1-7e1e8f839eec/75415_6kkrfaW.jpg
816,payment_proofs/f4bbffe3-09c9-4f6e-a68b-bb1bc370be46/75405.jpg,2026-05-28 11:26:03.174668+00,t,2026-05-28 11:39:24.097835+00,f,,1209,2,payment_proofs/f4bbffe3-09c9-4f6e-a68b-bb1bc370be46/75405_HiViOwk.jpg
818,payment_proofs/ccaa9b11-4ad4-4626-9ab1-4599756163b0/IMG_0032.jpeg,2026-05-28 11:55:28.796875+00,t,2026-05-28 11:57:48.932826+00,f,,1211,2,
819,payment_proofs/21348dcc-e087-4f10-86fa-57fa59d1b051/IMG_0037.jpeg,2026-05-28 12:11:49.852339+00,t,2026-05-28 12:13:50.85604+00,f,,1212,2,
820,payment_proofs/e826ebf6-fd42-4691-a5f5-01a3e39be889/IMG_3949.png,2026-05-28 12:32:28.759546+00,t,2026-05-28 13:04:56.079363+00,f,,1213,2,payment_proofs/e826ebf6-fd42-4691-a5f5-01a3e39be889/IMG_3949_oW0qgPM.png
822,payment_proofs/37f124f0-d283-45c6-b284-ad13a3eacc94/177997422101919667121477787692.jpg,2026-05-28 13:17:31.655569+00,t,2026-05-28 13:31:08.837239+00,f,,1215,2,
821,payment_proofs/71b647fe-7e63-4645-ab20-259eab2b011d/17799741009212415386793435018529.jpg,2026-05-28 13:15:22.662103+00,t,2026-05-28 13:31:15.349911+00,f,,1214,2,
823,payment_proofs/fc0203d8-8ea1-44bd-a28b-f0cb8b2859ce/IMG_1081.jpeg,2026-05-28 16:33:18.229859+00,t,2026-05-28 16:59:07.705567+00,f,,1220,2,
824,payment_proofs/5527849e-5599-446d-905e-f2df8d12488c/IMG_3970.png,2026-05-28 19:37:53.291344+00,t,2026-05-28 19:40:08.231214+00,f,,1225,2,
825,payment_proofs/70dcf40d-3444-426c-a4a1-bcbfe48b4452/IMG_4303.png,2026-05-28 19:41:01.041505+00,t,2026-05-28 19:42:23.942805+00,f,,1227,2,
826,payment_proofs/5785732d-5df2-45d8-aaa1-ee799f73e06f/1000175836.jpg,2026-05-28 21:49:08.75116+00,t,2026-05-28 21:52:11.937342+00,f,,1229,2,
829,payment_proofs/fe890301-2bd7-4d13-857f-4b8384306f8c/1000677588.jpg,2026-05-28 22:05:24.530758+00,t,2026-05-28 22:27:46.696179+00,f,,1237,2,
828,payment_proofs/1d964ef5-64e9-4f20-823d-0d06aa9faf44/1000175838.jpg,2026-05-28 22:04:17.976642+00,t,2026-05-28 22:32:31.860319+00,f,,1236,2,
830,payment_proofs/b8372b0f-a40a-4613-9880-d6a598f00d5e/26825.jpg,2026-05-28 22:29:57.20164+00,t,2026-05-28 22:32:55.188244+00,f,,1238,2,
831,payment_proofs/71702a17-527b-4a6a-938a-40a754cf4e8d/IMG_0963.jpeg,2026-05-28 23:21:14.904516+00,t,2026-05-28 23:29:06.302856+00,f,,1239,2,
832,payment_proofs/851b8a39-c324-410b-84ae-71f3a6c511df/IMG_0964.jpeg,2026-05-28 23:22:56.099641+00,t,2026-05-28 23:29:12.629286+00,f,,1240,2,
833,payment_proofs/d9643377-792e-4202-9c40-5f6c0827e04d/IMG_0965.jpeg,2026-05-28 23:24:26.331761+00,t,2026-05-28 23:29:19.288085+00,f,,1241,2,
834,payment_proofs/e7b0acfb-0686-45fd-b1fb-72fb4e203ecd/IMG_0966.jpeg,2026-05-28 23:25:44.671988+00,t,2026-05-28 23:29:25.489278+00,f,,1242,2,
835,payment_proofs/8da00590-c360-4767-b197-c7530cc33b98/IMG_6052.jpeg,2026-05-29 08:31:58.266254+00,t,2026-05-29 12:10:57.083833+00,f,,1244,2,
836,payment_proofs/9e6960e0-c43f-4132-b117-cd371ad30d28/SmartSelect_20260529_130127_Messages.jpg,2026-05-29 12:11:37.214549+00,t,2026-05-29 12:25:02.312793+00,f,,1246,2,
837,payment_proofs/0f27a96e-afa8-437e-81e8-23ddebdd7e0c/IMG_2075.png,2026-05-29 12:24:57.720385+00,t,2026-05-29 12:27:02.128506+00,f,,1222,2,
838,payment_proofs/f4a8e8ae-dfb8-4c35-854e-f381b3d33215/IMG_5181.png,2026-05-29 17:12:39.182476+00,t,2026-05-29 17:52:13.060341+00,f,,1248,2,payment_proofs/f4a8e8ae-dfb8-4c35-854e-f381b3d33215/IMG_5181_sEjrbcg.png
839,payment_proofs/351fdcf5-1a1f-4802-9662-1dd827947198/1000016475.png,2026-05-30 14:10:21.797766+00,t,2026-05-30 14:10:43.275148+00,f,,1253,2,
840,payment_proofs/cbe168cd-ab42-4b4a-8dbd-512325b61798/IMG_1017.jpeg,2026-05-30 14:47:22.060674+00,t,2026-05-30 14:49:31.209253+00,f,,1254,2,
841,payment_proofs/57a213c9-f681-4933-86a3-88b9fcecd8ba/16b27e8d-d9bc-41ff-a833-0bfa9b29be62.jpeg,2026-05-30 15:46:12.452187+00,t,2026-05-30 17:36:24.834898+00,f,,1255,2,
842,payment_proofs/ba9e66fa-cec4-4563-867d-7a4c3cbe4b1c/1000246088.jpg,2026-05-30 18:03:49.14626+00,t,2026-05-30 18:06:08.557206+00,f,,1257,2,
843,payment_proofs/a74c3ae5-9508-491a-ac2a-50f0462d2ba5/1001164215.jpg,2026-05-30 19:02:14.588627+00,t,2026-05-30 19:03:42.866863+00,f,,1258,2,
844,payment_proofs/0df48353-2409-4ed2-a378-bfc62b6e5a3e/1000959072.jpg,2026-05-30 19:51:27.826601+00,t,2026-05-30 19:57:40.863233+00,f,,1259,2,payment_proofs/0df48353-2409-4ed2-a378-bfc62b6e5a3e/1000959072_gntwjff.jpg
848,payment_proofs/5bb27b41-507e-4b4b-b224-24844d6b3473/IMG_6548.png,2026-05-31 12:52:51.592843+00,t,2026-05-31 12:54:48.686851+00,f,,1263,2,
849,payment_proofs/c1881845-2105-4150-892f-56e542fb3e51/IMG_6549.png,2026-05-31 12:54:16.591743+00,t,2026-05-31 12:54:53.969348+00,f,,1264,2,
871,payment_proofs/2b6cdd96-2446-4353-9180-65b01e0e6820/1002210287.png,2026-06-02 20:02:20.414325+00,t,2026-06-02 20:14:03.546061+00,f,,1295,2,
850,payment_proofs/f92159d4-675e-476a-9a08-467fc868ad18/1002752241.jpg,2026-05-31 13:59:44.07788+00,t,2026-05-31 14:00:09.624585+00,f,,1265,2,payment_proofs/f92159d4-675e-476a-9a08-467fc868ad18/1002752261.jpg
875,payment_proofs/b3a39572-ade6-44f1-9780-07ab1dcd2921/Screen_aRbZnAp.google.android.apps.messaging.jpg,2026-06-03 12:46:13.889157+00,t,2026-06-03 13:01:01.10355+00,f,,1307,2,
877,payment_proofs/5a91e59d-8bb2-4938-8d28-188fddc97a55/Capture_décran_2026-06-03_160504.png,2026-06-03 14:05:37.922064+00,t,2026-06-03 14:20:29.675196+00,f,,1310,2,payment_proofs/5a91e59d-8bb2-4938-8d28-188fddc97a55/Capture_décran_2026-06-03_160504_CQzGFlu.png
854,payment_proofs/2c7b8f6b-2926-4b89-b9c6-de363b75bc6d/IMG_1628.png,2026-05-31 17:15:58.20116+00,t,2026-05-31 17:24:53.800381+00,f,,1271,2,
851,payment_proofs/9178e0e8-c513-42f3-bbe7-e9d0c39e3cde/IMG_5152.jpeg,2026-05-31 16:05:40.918169+00,t,2026-05-31 17:25:00.997179+00,f,,1266,2,
878,payment_proofs/0770e878-4ced-4a01-973a-9e6a318d6122/IMG_6755.jpeg,2026-06-03 14:07:57.403455+00,t,2026-06-03 14:20:34.811794+00,f,,1311,2,payment_proofs/0770e878-4ced-4a01-973a-9e6a318d6122/IMG_6755_saKIG8o.jpeg
880,payment_proofs/79cee90e-7b7e-42e5-9f0a-2ef31acf18f7/IMG_6756.jpeg,2026-06-03 14:14:09.661085+00,t,2026-06-03 14:20:41.068128+00,f,,1313,2,payment_proofs/79cee90e-7b7e-42e5-9f0a-2ef31acf18f7/IMG_6756_hOe7nVh.jpeg
855,payment_proofs/faa0ea89-d179-4b3d-9f49-4a9e6791f75b/1000119445.png,2026-05-31 18:46:02.033404+00,t,2026-05-31 18:48:20.274914+00,f,,1273,2,
856,payment_proofs/2b9e541e-4c39-42c6-8f77-fcd2b5b0d59d/90670.jpg,2026-05-31 18:46:48.97837+00,t,2026-05-31 18:48:39.214151+00,f,,1272,2,payment_proofs/2b9e541e-4c39-42c6-8f77-fcd2b5b0d59d/90670_ayjLBYy.jpg
883,payment_proofs/e0558af6-2295-4a39-ada7-032760180cfc/Capture_décran_2026-06-03_163255.png,2026-06-03 14:33:18.474339+00,t,2026-06-03 14:36:41.666526+00,f,,1316,2,payment_proofs/e0558af6-2295-4a39-ada7-032760180cfc/Capture_décran_2026-06-03_163255_IOZQMjJ.png
886,payment_proofs/a82b6718-3fad-4890-8a06-5e43fac0e405/IMG_6270.jpeg,2026-06-04 07:07:59.778302+00,t,2026-06-04 07:09:14.68878+00,f,,1325,2,
859,payment_proofs/7146d770-7f76-4f7f-af67-346883d099c0/Screenshot_20260601-0604142.jpg,2026-06-01 05:07:08.925373+00,t,2026-06-01 05:47:47.835278+00,f,,1278,2,
857,payment_proofs/015d3005-7f07-41fa-8c7f-abe79194af79/IMG_0465.png,2026-05-31 20:57:15.236716+00,t,2026-06-01 05:48:04.048799+00,f,,1275,2,payment_proofs/015d3005-7f07-41fa-8c7f-abe79194af79/IMG_0465_Ot1yRRo.png
888,payment_proofs/bf7b2318-4f8c-42b8-a563-b79514620970/1000537185.png,2026-06-04 08:17:10.379715+00,t,2026-06-04 08:31:28.473928+00,f,,1327,2,payment_proofs/bf7b2318-4f8c-42b8-a563-b79514620970/1000537185_ri70gGm.png
890,payment_proofs/3bee3837-8d4a-458c-b211-28c1c2eddf11/1001209274.jpg,2026-06-04 15:50:21.891265+00,t,2026-06-04 15:55:01.134623+00,f,,1331,2,
861,payment_proofs/57796cac-b51d-43ee-822f-696824a8bfcb/IMG_3556.jpeg,2026-06-01 14:26:11.905141+00,t,2026-06-01 16:15:46.651716+00,f,,1281,2,payment_proofs/57796cac-b51d-43ee-822f-696824a8bfcb/IMG_3556_iJnIPKS.jpeg
860,payment_proofs/7cc5dc8b-ec88-457e-b3f3-187a401b0c00/IMG_3555.jpeg,2026-06-01 14:24:02.308404+00,t,2026-06-01 16:15:48.918916+00,f,,1280,2,payment_proofs/7cc5dc8b-ec88-457e-b3f3-187a401b0c00/IMG_3555_0CAwgaz.jpeg
892,payment_proofs/7dfef6e7-928a-47b5-a01c-9538ec722ac4/IMG_3424.jpeg,2026-06-04 18:53:08.312614+00,t,2026-06-04 18:56:56.4136+00,f,,1335,2,
862,payment_proofs/4146e572-c851-4d54-8d3b-220c8238894e/Screenshot_20260601_182810_Messages.jpg,2026-06-01 17:28:38.00199+00,t,2026-06-01 17:43:34.925579+00,f,,1282,2,
863,payment_proofs/d3328d38-6876-4f13-9d60-5ccf423acdfc/341126.jpg,2026-06-01 18:59:22.266188+00,t,2026-06-01 19:01:04.423607+00,f,,1283,2,
896,payment_proofs/069089c0-0f9a-4354-8d99-38524c503b0e/IMG_2738.png,2026-06-05 20:33:04.953615+00,t,2026-06-05 20:34:03.11326+00,f,,1341,2,
898,payment_proofs/cc518a20-39dd-4194-8f86-12914ef7c4da/1000320394.jpg,2026-06-05 21:50:24.299313+00,t,2026-06-06 11:16:20.892697+00,f,,1346,2,
864,payment_proofs/cd520a4b-3461-4713-92ec-ef5533c66f00/IMG_6248.jpeg,2026-06-01 20:17:43.67836+00,t,2026-06-01 20:48:39.068848+00,f,,1284,2,
866,payment_proofs/01d206c1-f2c8-45e4-9a7f-d50b0b346506/IMG_0265.jpeg,2026-06-01 21:31:08.889354+00,t,2026-06-01 21:31:54.848457+00,f,,1287,2,
904,payment_proofs/be9e5b25-1396-4521-8040-89ac68aa4469/IMG_7954.jpeg,2026-06-06 22:13:48.969094+00,t,2026-06-06 22:25:48.439404+00,f,,1363,2,
908,payment_proofs/9211822a-c322-4cdb-8062-99c97bdeb303/Screenshot_20260607-221021.jpg,2026-06-07 21:10:44.378592+00,t,2026-06-07 22:00:52.815988+00,f,,1369,2,
907,payment_proofs/0cb60c47-9988-4d3f-8223-f45089d2c162/IMG_0942.jpeg,2026-06-07 21:02:04.610185+00,t,2026-06-07 22:01:08.925225+00,f,,1370,2,
910,payment_proofs/4b8d535f-e6b7-4a06-a717-af7e08095055/Screenshot_20260608-110549_Messages.jpg,2026-06-08 10:06:23.785674+00,t,2026-06-08 13:31:53.752019+00,f,,1373,2,
912,payment_proofs/614f8788-78a2-4a57-9660-720083368c8d/1002093296.jpg,2026-06-08 13:03:26.468481+00,t,2026-06-08 13:33:17.95967+00,f,,1375,2,payment_proofs/614f8788-78a2-4a57-9660-720083368c8d/1002093296_mUOyNlN.jpg
914,payment_proofs/a6b7b0f6-c1eb-4882-8bfa-9a8e5603c5f0/Screenshot_20260608_200559_Orange_Money.jpg,2026-06-08 19:07:44.663879+00,t,2026-06-08 19:40:06.958271+00,f,,1379,2,
916,payment_proofs/96e6749b-93e4-4fc0-9b33-6838fcc79c06/Screenshot_20260608_200559_Orange_Money.jpg,2026-06-08 19:08:30.298841+00,t,2026-06-08 19:40:39.693897+00,f,,1381,2,
918,payment_proofs/1d05d62e-483e-4725-add0-c30efed81ff1/Screenshot_20260608_200559_Orange_Money.jpg,2026-06-08 19:09:36.034497+00,f,,t,Montant insuffisant il manque 2500 FCFA POUR L'ABONNEMENT NETFLIX.,1383,,
920,payment_proofs/0795d504-3a14-4d0d-a822-4938ee02f7a6/IMG_5580.png,2026-06-09 07:35:53.461557+00,t,2026-06-09 07:38:20.210535+00,f,,1386,2,payment_proofs/0795d504-3a14-4d0d-a822-4938ee02f7a6/IMG_5580_7NNoj0Y.png
925,payment_proofs/fd23fdc4-5a78-4c4a-82ec-c135bf037b67/image.jpg,2026-06-09 08:33:23.34107+00,t,2026-06-09 08:51:16.368385+00,f,,1393,2,
923,payment_proofs/511def11-15e7-4a3a-82a9-fac2f63d3337/IMG_3198.jpeg,2026-06-09 08:31:40.954592+00,t,2026-06-09 08:51:18.892657+00,f,,1392,2,
928,payment_proofs/808f2bdf-77f9-45c2-9981-c7f1c02faa5f/112967.png,2026-06-09 08:59:22.216802+00,t,2026-06-09 09:06:03.038003+00,f,,1389,2,
930,payment_proofs/d0977dfc-83df-4d52-bf53-585723921659/1000482431.jpg,2026-06-09 10:31:51.555323+00,t,2026-06-09 11:44:30.831033+00,f,,1395,2,payment_proofs/d0977dfc-83df-4d52-bf53-585723921659/1000482426.jpg
932,payment_proofs/3d4e2f65-0efe-4b64-9199-09e1f7b4ce35/1000434102.png,2026-06-09 15:12:55.750271+00,t,2026-06-09 19:44:47.764177+00,f,,1397,2,
950,payment_proofs/66624c86-d37d-49d2-a26e-71bf7a0102e8/1001201058.jpg,2026-06-11 19:48:47.001429+00,t,2026-06-11 20:06:38.777682+00,f,,1445,2,
948,payment_proofs/2fe3401f-b5ff-412f-91fa-4f3da4556c02/IMG_9289.jpeg,2026-06-11 19:03:10.473194+00,t,2026-06-11 20:07:02.961712+00,f,,1440,2,payment_proofs/2fe3401f-b5ff-412f-91fa-4f3da4556c02/IMG_9289_nwaKLuw.jpeg
1319,payment_proofs/1daf6a8c-8bdf-40e1-8e02-21575895a2cd/IMG_8889.png,2026-07-11 15:10:50.77501+00,t,2026-07-11 15:27:02.046722+00,f,,2063,2,
951,payment_proofs/85f93ead-4be6-4c5e-8288-4a179e8e0935/1000338012.jpg,2026-06-12 09:24:41.180637+00,t,2026-06-12 12:04:28.466358+00,f,,1446,2,
952,payment_proofs/4957785b-31e9-49e5-babf-5d6263b0ce70/image.jpg,2026-06-12 12:02:36.659839+00,t,2026-06-12 12:04:30.982891+00,f,,1448,2,
954,payment_proofs/9cddfe8c-78a0-4a9a-8c86-481a91370242/1000072082.jpg,2026-06-12 14:33:07.272032+00,t,2026-06-12 14:46:33.075584+00,f,,1450,2,
953,payment_proofs/ff3316df-a0d5-4fea-ab73-e6fa7f013026/1000072080.jpg,2026-06-12 14:30:49.11242+00,t,2026-06-12 14:46:35.838853+00,f,,1451,2,
955,payment_proofs/af1bdea1-7569-423b-bf3e-216fc12cb46b/IMG_0695.jpeg,2026-06-12 14:42:03.433201+00,t,2026-06-12 14:47:08.247469+00,f,,1452,2,
956,payment_proofs/d41fed28-4330-443a-ba5d-30e09966f8e4/1001356820.png,2026-06-12 19:47:16.10976+00,t,2026-06-12 19:54:52.611208+00,f,,1453,2,payment_proofs/d41fed28-4330-443a-ba5d-30e09966f8e4/1001356817.png
957,payment_proofs/5e286629-9471-483f-8973-8a410f3f885b/1004233453.jpg,2026-06-12 20:33:22.542088+00,t,2026-06-12 20:34:55.007847+00,f,,1455,2,
959,payment_proofs/a249f67e-94a9-4783-9bb5-f19a84d74a2c/50b50e74-a907-4838-84f6-9c5d0d50aa14.jpeg,2026-06-12 23:50:27.164023+00,t,2026-06-12 23:54:57.866058+00,f,,1458,2,payment_proofs/a249f67e-94a9-4783-9bb5-f19a84d74a2c/50b50e74-a907-4838-84f6-9c5d0d50aa1_TxfsPBG.jpeg
958,payment_proofs/aabff95a-31f9-4f41-bb42-978c53ab124c/IMG_3437.jpeg,2026-06-12 23:25:10.299297+00,t,2026-06-12 23:56:36.297935+00,f,,1457,2,
960,payment_proofs/7295760a-9b22-46cf-a6a3-a8c29cd13b36/1001719955.jpg,2026-06-13 11:32:46.314393+00,t,2026-06-13 11:44:13.581809+00,f,,1460,2,
961,payment_proofs/0fee9c05-9f83-400a-8a92-053ef15d921f/IMG_1844.png,2026-06-13 13:48:04.550717+00,t,2026-06-13 13:51:14.17456+00,f,,1462,2,payment_proofs/0fee9c05-9f83-400a-8a92-053ef15d921f/IMG_1844_GPuDxfF.png
962,payment_proofs/b9547b02-148d-4071-861b-289ba77ebdcd/IMG_2849.png,2026-06-13 14:42:22.903684+00,t,2026-06-13 14:56:37.46944+00,f,,1463,2,payment_proofs/b9547b02-148d-4071-861b-289ba77ebdcd/IMG_2849_aD3Diqi.png
965,payment_proofs/bd4bdffb-937c-4572-b552-c00772fe9e56/IMG_4225.jpeg,2026-06-13 17:32:15.566949+00,t,2026-06-13 17:34:17.219215+00,f,,1467,2,
964,payment_proofs/14e32bcb-f6a7-487a-b8a3-d0982c31df94/IMG_4224.jpeg,2026-06-13 17:29:52.994242+00,t,2026-06-13 17:34:22.494147+00,f,,1466,2,
963,payment_proofs/a3ca0fdb-5a74-4531-86b1-22b4f77a263c/IMG_4223.jpeg,2026-06-13 17:24:01.340006+00,t,2026-06-13 17:34:29.674161+00,f,,1465,2,
966,payment_proofs/4be94202-9ed4-4695-be44-3ed4b2ef1e67/1000724103.jpg,2026-06-13 18:51:19.312999+00,t,2026-06-13 21:40:24.977081+00,f,,1468,2,
967,payment_proofs/5e0ab905-8a4b-4846-84b0-e434ff6c4ce7/IMG_7587.jpeg,2026-06-13 23:18:40.00981+00,t,2026-06-13 23:19:00.498638+00,f,,1470,2,
970,payment_proofs/e64f15e7-dbf4-4770-88bb-5a1f2afa0a67/Screenshot_20260614_153858_Messages.jpg,2026-06-14 14:39:41.64833+00,t,2026-06-14 15:16:14.188724+00,f,,1473,2,
971,payment_proofs/297c2dc1-0f95-4bf1-acb5-6b28738090d9/Screenshot_20260614_153858_Messages.jpg,2026-06-14 14:41:32.607772+00,t,2026-06-14 15:20:16.639712+00,f,,1474,2,
972,payment_proofs/34a07788-e609-4675-9e30-6e99ea4ac074/IMG_4186.png,2026-06-14 14:55:58.134346+00,t,2026-06-14 17:27:56.116795+00,f,,1478,2,
968,payment_proofs/a5cdfbfb-475d-4574-9f09-426e357ba3a4/1000516165.png,2026-06-14 10:36:13.177278+00,t,2026-06-14 17:31:26.84008+00,f,,1471,2,
969,payment_proofs/e826a415-2c31-45e8-884c-81165a292489/1000107131.jpg,2026-06-14 13:57:04.416193+00,t,2026-06-14 18:19:50.685129+00,f,,1472,2,payment_proofs/e826a415-2c31-45e8-884c-81165a292489/1000107131_oX9CtAz.jpg
973,payment_proofs/beeb5847-c3c1-42cc-872e-cb172cb41c78/Screenshot_20260614_185524_Mood.jpg,2026-06-14 17:56:45.335147+00,t,2026-06-14 18:21:27.229055+00,f,,1479,2,payment_proofs/beeb5847-c3c1-42cc-872e-cb172cb41c78/Screenshot_20260614_185524_Mood_bwcSICp.jpg
974,payment_proofs/92452bd1-da03-411d-a670-23c78eaa2aa3/Screenshot_20260615-041615.png,2026-06-15 03:16:39.807744+00,t,2026-06-15 05:31:33.543132+00,f,,1483,2,
977,payment_proofs/11525b02-9f33-4b99-9b2d-0fb09c348b8b/IMG_1143.png,2026-06-15 11:29:42.919118+00,t,2026-06-15 12:15:31.673794+00,f,,1487,2,
976,payment_proofs/eef61a26-d655-44e9-ac94-96ac380d58eb/IMG_1142.png,2026-06-15 11:28:23.517779+00,t,2026-06-15 12:15:37.592902+00,f,,1486,2,
975,payment_proofs/34ef06c1-6009-4ef2-a77b-2641359f8e63/IMG_2412.jpeg,2026-06-15 07:32:58.482747+00,t,2026-06-15 16:45:41.991953+00,f,,1484,2,
982,payment_proofs/8561e988-c884-4319-83b1-dc5ab71a04a9/IMG_8044.png,2026-06-16 10:31:47.840749+00,t,2026-06-16 10:42:51.062521+00,f,,1496,2,
981,payment_proofs/9eb8d9a4-9f43-4277-b71b-3d5197fdf2c8/IMG-20260615-WA0020.jpg,2026-06-15 21:43:36.972676+00,t,2026-06-16 10:52:26.800103+00,f,,1495,2,
979,payment_proofs/c81b7210-8256-4843-b03b-46a6b6a876a9/241266.jpg,2026-06-15 19:02:33.491183+00,t,2026-06-16 11:29:14.955133+00,f,,1491,2,
980,payment_proofs/2c07f536-07d7-44d5-a243-d9c970cd7544/1000341348.jpg,2026-06-15 20:46:00.881652+00,t,2026-06-16 11:30:41.449398+00,f,,1494,2,
984,payment_proofs/ed2f9d44-443f-48ac-8bfc-7d6ff1059877/Screenshot_20260616_123933_Messages.jpg,2026-06-16 11:43:34.826831+00,t,2026-06-16 11:50:17.331557+00,f,,1501,2,
983,payment_proofs/3f222c4d-6426-42fe-87d8-c5deffc9c81f/Screenshot_20260616_123933_Messages.jpg,2026-06-16 11:39:53.172578+00,t,2026-06-16 11:50:23.46507+00,f,,1500,2,
985,payment_proofs/d51547da-90f9-46df-a967-3a9b97f91050/IMG_7042.png,2026-06-16 13:26:08.063302+00,t,2026-06-16 13:31:39.085663+00,f,,1502,2,
986,payment_proofs/63e5afb2-96ff-4235-9598-2dd2082255cf/IMG_5750.jpeg,2026-06-16 17:11:08.456117+00,t,2026-06-16 17:36:54.293762+00,f,,1504,2,
987,payment_proofs/8ad841f2-5036-4ed9-ab3d-162ab26d9310/IMG_3632.png,2026-06-16 17:30:28.823739+00,t,2026-06-16 17:36:56.338175+00,f,,1505,2,
978,payment_proofs/657755e0-49d8-431d-999b-0bd540a462f0/Screenshot_2026_0615_172221.jpg,2026-06-15 16:22:59.357822+00,f,,t,Ce n'est pas la bonne image : il faut la capture d'ecran de votre transfert d'argent.,1489,,
988,payment_proofs/5397f141-edfe-426e-8ed5-7d4cd63082f2/1000229434.jpg,2026-06-16 19:09:22.457501+00,t,2026-06-16 19:10:27.504557+00,f,,1508,2,
989,payment_proofs/dea06a5c-b440-4881-850f-447a7b12c4b3/FDB08575-B69B-4F11-973E-D323E8AFABEC.jpeg,2026-06-16 20:25:18.250862+00,t,2026-06-16 20:31:37.540882+00,f,,1511,2,
991,payment_proofs/7c79017f-4a95-4a51-a64e-ea965d5894be/IMG_1742.png,2026-06-17 07:52:27.064859+00,t,2026-06-17 10:09:13.177379+00,f,,1513,2,
990,payment_proofs/4432c1f0-b969-47fe-ad89-bb811b1ff880/IMG_7656.png,2026-06-17 06:07:23.70437+00,t,2026-06-17 10:09:35.726263+00,f,,1512,2,
993,payment_proofs/8bab8ac5-22b4-40bb-94cd-9fdd3f19203a/IMG_4885.jpeg,2026-06-17 09:00:16.757579+00,t,2026-06-17 10:08:53.001706+00,f,,1515,2,
992,payment_proofs/0905f42c-f1ef-4947-83c8-8bfd532ae18c/IMG_4884.jpeg,2026-06-17 08:44:51.822926+00,t,2026-06-17 10:09:04.269447+00,f,,1514,2,
994,payment_proofs/e7e15cb3-ff4a-452a-8fcd-dbc6731ad733/IMG_0784.png,2026-06-17 11:35:30.440809+00,t,2026-06-17 11:36:31.741524+00,f,,1519,2,
996,payment_proofs/48a8e09e-4a29-4082-9b2d-6dd6ec192364/8816.png,2026-06-17 13:04:32.758605+00,t,2026-06-17 13:04:46.298245+00,f,,1529,2,payment_proofs/48a8e09e-4a29-4082-9b2d-6dd6ec192364/8815.png
997,payment_proofs/68c33be4-e562-40e4-a43f-ff0e85daf2a7/IMG_0352.jpeg,2026-06-17 13:34:34.910472+00,t,2026-06-17 13:36:10.909201+00,f,,1531,2,payment_proofs/68c33be4-e562-40e4-a43f-ff0e85daf2a7/IMG_0353.jpeg
998,payment_proofs/e1e43186-0605-45f4-891f-1c48737adf8a/SmartSelect_20260617_164434_Messages.jpg,2026-06-17 15:49:02.011744+00,t,2026-06-17 16:09:16.099748+00,f,,1533,2,
1000,payment_proofs/0a854bf1-c7fc-4bd5-8064-cd9439dcea87/WhatsApp_Image_2026-06-17_at_5.04.03_PM.jpeg,2026-06-17 16:09:10.35743+00,t,2026-06-17 16:09:22.159263+00,f,,1536,2,payment_proofs/0a854bf1-c7fc-4bd5-8064-cd9439dcea87/WhatsApp_Image_2026-06-17__HRJjf2B.04.03_PM.jpeg
999,payment_proofs/86994778-71e4-4541-8c9b-8fce1162000d/WhatsApp_Image_2026-06-17_at_5.04.03_PM.jpeg,2026-06-17 16:04:59.286096+00,t,2026-06-17 16:09:27.882846+00,f,,1534,2,payment_proofs/86994778-71e4-4541-8c9b-8fce1162000d/WhatsApp_Image_2026-06-17__1IDcTHH.04.03_PM.jpeg
1001,payment_proofs/67b6768a-e91c-4638-b9f2-93911ebf5a7a/image.jpg,2026-06-17 18:56:26.418561+00,t,2026-06-17 19:37:19.520635+00,f,,1539,2,
1002,payment_proofs/748be2e9-1c89-44b0-9ae9-0fbe38929033/Screenshot_20260617_202842_Messages.jpg,2026-06-17 19:30:03.743623+00,t,2026-06-17 19:48:06.528452+00,f,,1540,2,payment_proofs/748be2e9-1c89-44b0-9ae9-0fbe38929033/Screenshot_20260617_202836_Messages.jpg
1003,payment_proofs/ed6151b2-d6aa-49dd-9691-0b7df7b37e18/IMG_1033.jpeg,2026-06-17 19:34:00.300225+00,t,2026-06-17 20:37:24.858111+00,f,,1541,2,
1005,payment_proofs/6d03bf75-6931-49ff-b2c6-06a036680e2c/Screenshot_20260617_220504_Messages.jpg,2026-06-17 21:06:27.045986+00,t,2026-06-17 21:06:39.6061+00,f,,1544,2,
1004,payment_proofs/c1b08f86-6c46-4726-b138-f854fba92fe6/IMG_5337.png,2026-06-17 20:22:17.524506+00,t,2026-06-17 21:19:34.213202+00,f,,1543,2,
1006,payment_proofs/f5fc6d2f-1f0a-4ad2-936e-0f4f2dc9832d/IMG_1415.jpeg,2026-06-17 22:40:23.618394+00,t,2026-06-17 22:41:12.238949+00,f,,1545,2,payment_proofs/f5fc6d2f-1f0a-4ad2-936e-0f4f2dc9832d/IMG_1415_Uvgw6rV.jpeg
1007,payment_proofs/eb593b48-1084-4c30-8c2c-7a7c150c69fe/167537.jpg,2026-06-18 04:28:43.730572+00,t,2026-06-18 07:46:55.383324+00,f,,1549,2,
1008,payment_proofs/46cec83a-8c0e-428e-836f-0f5e683caa59/167540.jpg,2026-06-18 04:33:12.571698+00,t,2026-06-18 07:47:44.937913+00,f,,1550,2,
1011,payment_proofs/6de3fc5b-ef19-4829-a68e-3fe4f543923f/167689.jpg,2026-06-18 08:01:50.201807+00,t,2026-06-18 08:03:13.481982+00,f,,1557,2,
1010,payment_proofs/5b4e8a26-8e0d-43a6-b724-f398b5bf15ff/167686.jpg,2026-06-18 07:59:50.170721+00,t,2026-06-18 08:03:18.891542+00,f,,1555,2,
1012,payment_proofs/f2c53c6b-d4d5-49e5-bb10-dbd87b900577/IMG_1879.png,2026-06-18 08:28:22.748709+00,t,2026-06-18 08:29:54.697088+00,f,,1558,2,payment_proofs/f2c53c6b-d4d5-49e5-bb10-dbd87b900577/IMG_1879_GJagnli.png
1013,payment_proofs/d6bd223b-7ee0-4305-a659-a3be89dd9189/597255.jpg,2026-06-18 08:42:07.774805+00,t,2026-06-18 08:42:46.012646+00,f,,1560,2,
1014,payment_proofs/a74799ed-2017-4866-822d-b88d9b5363c6/IMG_8532.jpeg,2026-06-18 09:10:21.324337+00,t,2026-06-18 09:40:26.857421+00,f,,1561,2,
1015,payment_proofs/aa1772fc-f86c-48ff-b56e-2467cfce2d7a/IMG_4180.jpeg,2026-06-18 09:11:14.932653+00,t,2026-06-18 09:40:41.427408+00,f,,1562,2,
1016,payment_proofs/d9a85c0a-d1d5-4060-a86f-affe47effdf8/1001505856.jpg,2026-06-18 13:32:57.081396+00,t,2026-06-18 13:36:38.814388+00,f,,1563,2,payment_proofs/d9a85c0a-d1d5-4060-a86f-affe47effdf8/1001505856_S7ffbVf.jpg
1017,payment_proofs/f20fa63b-9df3-458a-b95d-84befb0cde7c/2A15DD3C-80B2-4A04-AC82-90AA2543F820.jpeg,2026-06-18 16:20:30.531138+00,t,2026-06-18 17:48:29.322473+00,f,,1564,2,
1018,payment_proofs/11db8ecc-0fd3-455f-9e2e-d1045291bfab/IMG_2768.png,2026-06-18 18:32:57.571612+00,t,2026-06-18 18:35:09.873031+00,f,,1565,2,
1019,payment_proofs/20584b16-0086-4e44-b499-db14a82ae114/1000460638.png,2026-06-18 19:39:39.576729+00,t,2026-06-18 19:45:39.209615+00,f,,1566,2,
1020,payment_proofs/f299bb0c-4ed6-4eed-a3e2-35cb3c71ed06/57057.png,2026-06-18 19:49:05.299622+00,t,2026-06-18 20:34:01.297039+00,f,,1567,2,
1022,payment_proofs/d6b97631-51a5-4f28-b3cf-77881e32ee17/393021.jpg,2026-06-18 21:09:42.859432+00,t,2026-06-18 21:10:31.574051+00,f,,1569,2,
1021,payment_proofs/71cb19c6-4775-4d2d-bfde-c9405ff2d17b/1000285027.jpg,2026-06-18 21:03:14.617147+00,t,2026-06-18 21:27:09.399348+00,f,,1568,2,
1023,payment_proofs/8582b2b9-52eb-4fb9-9db3-a39dde126c72/IMG_3943.jpeg,2026-06-18 21:54:35.284666+00,f,,t,VOUS N'AVEZ PAS EFFECTUE LE PAIEMENT,1571,,payment_proofs/8582b2b9-52eb-4fb9-9db3-a39dde126c72/IMG_3943_13w1kQY.jpeg
1024,payment_proofs/8dcbcd14-8574-4c00-a984-5e24f024f2d1/IMG_3949.jpeg,2026-06-18 22:36:14.040983+00,t,2026-06-18 22:37:20.023828+00,f,,1576,2,payment_proofs/8dcbcd14-8574-4c00-a984-5e24f024f2d1/IMG_3949_vsHVsgt.jpeg
1025,payment_proofs/1ae47e98-c0f6-4e20-8b98-72a757a38c37/IMG_2416.png,2026-06-19 09:20:32.463048+00,t,2026-06-19 10:22:08.93423+00,f,,1577,2,
1026,payment_proofs/8c2f73a2-5ec8-4eef-9d31-607930084b32/IMG_4596.jpeg,2026-06-19 11:06:49.314198+00,t,2026-06-19 13:12:44.814018+00,f,,1580,2,payment_proofs/8c2f73a2-5ec8-4eef-9d31-607930084b32/IMG_4595.png
1027,payment_proofs/b1b12831-55b0-4a13-88ed-00afbd830425/PREUVE.jpg,2026-06-19 13:03:03.334622+00,f,,t,"VOUS N'AVEZ PAS EFFECTUE LE PAIEMENT, ",1582,,
1028,payment_proofs/fc2def17-acfc-49c6-b1ca-63debb29b16d/Screenshot_20260619_160738_Orange_Max_it.jpg,2026-06-19 15:09:35.986996+00,t,2026-06-19 15:15:09.684078+00,f,,1586,2,
1029,payment_proofs/4133913d-57bb-4bad-a010-db2e78854df4/IMG_0879.png,2026-06-19 15:24:07.30179+00,t,2026-06-19 18:12:29.907597+00,f,,1587,2,
1030,payment_proofs/6a6f5641-c7d0-4b77-bf1c-fa4fca522f10/IMG_0880.png,2026-06-19 15:26:05.314916+00,t,2026-06-19 18:12:35.017967+00,f,,1585,2,
1031,payment_proofs/337ce2fc-8bc9-4bf0-976c-203291cd7f4c/PXL_20260619_165118774.jpg,2026-06-19 16:55:43.48118+00,t,2026-06-19 18:12:44.356202+00,f,,1588,2,payment_proofs/337ce2fc-8bc9-4bf0-976c-203291cd7f4c/PXL_20260619_165143239.jpg
1032,payment_proofs/e62be00f-d3df-4804-8a43-8867f1ac8193/IMG_8504.png,2026-06-19 17:28:12.532803+00,t,2026-06-19 18:12:51.512323+00,f,,1590,2,payment_proofs/e62be00f-d3df-4804-8a43-8867f1ac8193/29d6b80b-2ccc-467e-9fcc-1f29cc63b128.jpeg
1033,payment_proofs/a5560d02-4cd9-4545-832a-08d32d181b4d/IMG_3241.png,2026-06-19 18:20:53.840629+00,t,2026-06-19 18:34:31.600333+00,f,,1591,2,payment_proofs/a5560d02-4cd9-4545-832a-08d32d181b4d/IMG_3241_4NYJr6m.png
1321,payment_proofs/dd923a93-0000-497a-810a-9eccee502727/IMG_2062.jpeg,2026-07-11 22:06:03.981661+00,t,2026-07-11 22:16:29.597743+00,f,,2066,2,
1081,payment_proofs/fde16e7b-b3f0-45d4-b31b-c95ac7f026f1/1000070396.jpg,2026-06-22 18:57:53.48658+00,t,2026-06-22 18:59:07.365634+00,f,,1648,2,
1035,payment_proofs/999864a3-c25f-4bf6-94d5-244df2016f3e/IMG_5225.jpeg,2026-06-19 19:39:51.308223+00,t,2026-06-19 20:45:43.81465+00,f,,1592,2,
1036,payment_proofs/928b937a-a9ad-4808-88f1-fdb6eec45dc9/Screenshot_20260619_205640_WhatsApp.jpg,2026-06-19 20:24:05.154516+00,t,2026-06-19 20:48:20.317446+00,f,,1584,2,payment_proofs/928b937a-a9ad-4808-88f1-fdb6eec45dc9/Screenshot_20260619_205640_WhatsApp_dK3fv0O.jpg
1037,payment_proofs/2d34431f-bc94-45df-af42-b2ae307b9e34/1028689.jpg,2026-06-19 20:57:58.06307+00,t,2026-06-19 21:16:48.728246+00,f,,1593,2,
1082,payment_proofs/0df6f392-b8aa-4c64-a5da-8bf9acf0e45a/IMG_8410.jpeg,2026-06-22 19:07:45.294911+00,t,2026-06-22 19:11:03.030603+00,f,,1647,2,payment_proofs/0df6f392-b8aa-4c64-a5da-8bf9acf0e45a/IMG_8410_qBoWHjH.jpeg
1083,payment_proofs/7b983d99-4fbc-4fab-a64a-35426f457a5f/30238.jpg,2026-06-22 19:40:53.972771+00,t,2026-06-22 19:46:57.627387+00,f,,1649,2,
1039,payment_proofs/c66da1e1-c745-4c66-ab35-5a87a38af5b7/Screenshot_20260620-095342.png,2026-06-20 08:54:16.301147+00,t,2026-06-20 09:04:58.376657+00,f,,1595,2,
1038,payment_proofs/f5bcf526-0987-4d7f-8409-c5abbbae92c9/37763.png,2026-06-20 07:49:59.016717+00,t,2026-06-20 09:11:42.241884+00,f,,1594,2,
1040,payment_proofs/5588fa44-b35a-47e4-bf55-3ac6fa6308ef/IMG_3698.png,2026-06-20 09:59:03.15107+00,t,2026-06-20 10:00:43.372306+00,f,,1596,2,
1085,payment_proofs/c4de725e-c96c-4374-8c5d-d31a9b2f61ab/IMG_2564.png,2026-06-22 20:38:02.162699+00,t,2026-06-22 20:39:13.005273+00,f,,1651,2,
1084,payment_proofs/63bad5ae-aba5-4389-b6bf-b95d16aece3c/IMG_2564.png,2026-06-22 20:30:10.264654+00,t,2026-06-22 20:39:22.121367+00,f,,1650,2,
1331,payment_proofs/af2b97d9-3f23-452e-9db7-204211be40d3/IMG_4329.jpeg,2026-07-12 15:05:41.376831+00,t,2026-07-12 15:16:15.456826+00,f,,2081,2,
1041,payment_proofs/1adeb35a-b062-4557-83bb-b9246572d8aa/IMG_4167.jpeg,2026-06-20 11:08:02.3137+00,t,2026-06-20 11:21:50.284596+00,f,,1597,2,
1042,payment_proofs/f1c34384-8ae8-49e3-b306-76fd566d9838/IMG_4168.jpeg,2026-06-20 11:10:41.295159+00,t,2026-06-20 11:22:01.646898+00,f,,1598,2,
1044,payment_proofs/7a5b90e3-1890-439a-b30b-5c13c2b060e9/IMG_4170.jpeg,2026-06-20 11:15:10.49642+00,t,2026-06-20 11:22:05.408905+00,f,,1600,2,
1043,payment_proofs/f872a159-604d-4953-8203-21d9df70722b/IMG_4169.jpeg,2026-06-20 11:12:26.352702+00,t,2026-06-20 11:22:08.897466+00,f,,1599,2,
1086,payment_proofs/e9b8cd11-d52c-4f24-835a-6ca90c22558e/image.jpg,2026-06-22 20:48:24.401377+00,t,2026-06-22 20:50:03.841632+00,f,,1652,2,
1045,payment_proofs/744cdca6-d322-413b-9138-46a6722c5220/1000495465.jpg,2026-06-20 12:16:56.019333+00,t,2026-06-20 12:18:40.882137+00,f,,1603,2,
1330,payment_proofs/bb3ecf67-ff8a-42e9-9e38-e8dd1eaffb81/IMG_4328.jpeg,2026-07-12 15:02:47.688397+00,t,2026-07-12 15:16:16.000965+00,f,,2080,2,
1087,payment_proofs/c36fef24-f1b8-493d-9a3f-7a9599194c3f/IMG_1076.png,2026-06-22 23:28:30.717559+00,t,2026-06-22 23:34:41.288859+00,f,,1656,2,payment_proofs/c36fef24-f1b8-493d-9a3f-7a9599194c3f/IMG_1076_s84FVU8.png
1047,payment_proofs/6b6401d7-218e-44a4-b69b-ff02dc58a519/IMG_2834.jpeg,2026-06-20 12:40:21.348567+00,t,2026-06-20 12:42:44.948747+00,f,,1605,2,
1053,payment_proofs/cde57a43-9c7e-4965-8e51-2c566813fa67/IMG_8379.jpeg,2026-06-20 13:28:55.977461+00,t,2026-06-20 15:05:30.373632+00,f,,1612,2,
1046,payment_proofs/89fd88a8-cae9-4957-9695-e1336425c344/IMG_1074.jpeg,2026-06-20 12:37:17.106596+00,t,2026-06-20 15:06:25.416931+00,f,,1604,2,
1052,payment_proofs/96290d6c-c1d3-422c-9f58-0f422b19d2b6/IMG_1074.jpeg,2026-06-20 12:57:41.869695+00,t,2026-06-20 15:06:29.653627+00,f,,1610,2,
1050,payment_proofs/c7fd5450-87f3-4332-85db-f035d49efe19/IMG_1074.jpeg,2026-06-20 12:56:19.466443+00,t,2026-06-20 15:06:33.752809+00,f,,1608,2,
1049,payment_proofs/c2b5ec9b-27ed-498f-8332-145a1d8dcce2/IMG_1074.jpeg,2026-06-20 12:55:39.490916+00,t,2026-06-20 15:06:37.577703+00,f,,1607,2,
1048,payment_proofs/64510f8b-3962-4503-9b3b-2617e666bfa7/IMG_1074.jpeg,2026-06-20 12:55:01.890508+00,t,2026-06-20 15:06:45.388288+00,f,,1606,2,
1051,payment_proofs/aac365a6-7871-4657-b006-180a9e5f673c/IMG_1074.jpeg,2026-06-20 12:57:00.343509+00,t,2026-06-20 15:07:43.248409+00,f,,1609,2,
1054,payment_proofs/30ef4a7a-f9da-417b-9512-4b4b6da48761/IMG_0562.jpeg,2026-06-20 15:32:49.375784+00,t,2026-06-20 15:47:40.803648+00,f,,1613,2,
1055,payment_proofs/2f4371fe-88e8-4bcf-9d3b-e4e25e9dc63f/1001002897.jpg,2026-06-21 11:32:42.439636+00,t,2026-06-21 11:33:22.799556+00,f,,1614,2,
1056,payment_proofs/c2dfcf45-43ed-4fca-a083-73bb0c6b6d8f/IMG_8515.png,2026-06-21 11:53:17.329588+00,t,2026-06-21 12:00:09.125258+00,f,,1615,2,
1057,payment_proofs/ce467553-97b5-4cba-b26f-ff0d995778a9/202218.png,2026-06-21 11:58:45.790414+00,t,2026-06-21 12:00:13.353812+00,f,,1616,2,
1058,payment_proofs/656395eb-6db7-4980-b6bd-6953c648e992/152954.jpg,2026-06-21 12:12:21.214117+00,t,2026-06-21 12:14:02.838088+00,f,,1617,2,
1059,payment_proofs/44de1f46-049d-4d54-a6cf-23d00cbaaa02/IMG_5154.png,2026-06-21 14:41:09.872693+00,t,2026-06-21 14:43:43.856783+00,f,,1620,2,payment_proofs/44de1f46-049d-4d54-a6cf-23d00cbaaa02/IMG_5154_QlSIyx4.png
1061,payment_proofs/f8d0fe08-e8ab-4f88-ab9d-faff50d02dae/17820717887064699709045495193140.jpg,2026-06-21 19:57:12.704534+00,t,2026-06-21 20:16:38.655309+00,f,,1626,2,
1062,payment_proofs/1bad05e5-537d-4447-959e-a49fbaa38b9d/IMG_6517.png,2026-06-21 20:14:28.902052+00,t,2026-06-21 20:16:42.354949+00,f,,1628,2,payment_proofs/1bad05e5-537d-4447-959e-a49fbaa38b9d/IMG_6517_5YJFtmB.png
1063,payment_proofs/bc2385fd-d6c6-4757-8acf-19f4046c13d3/Screenshot_20260621_212652_Messages.jpg,2026-06-21 20:27:37.0926+00,t,2026-06-21 20:28:54.16544+00,f,,1627,2,
1060,payment_proofs/fa6de46c-48af-44b2-ab4d-18364cf3c89c/SmartSelect_20260621_173848_Messages.jpg,2026-06-21 16:43:10.374912+00,t,2026-06-21 20:39:47.750942+00,f,,1624,2,
1064,payment_proofs/a9cab8b6-a7a4-4c0a-b8df-6954f43fc762/Screenshot_20260621-213505.jpg,2026-06-21 20:35:42.093501+00,t,2026-06-21 20:40:12.66953+00,f,,1629,2,
1065,payment_proofs/ce4249ee-a3b4-4a6a-83bd-19aeb4d16c9a/Screenshot_20260621-213733.jpg,2026-06-21 20:38:02.41173+00,t,2026-06-21 20:40:15.157254+00,f,,1630,2,
1066,payment_proofs/3151b034-883e-4f84-801c-8a28eac4b88b/Screenshot_20260621_215335_Phone.jpg,2026-06-21 20:54:14.084419+00,t,2026-06-21 21:08:14.714821+00,f,,1631,2,
1067,payment_proofs/bc18e59e-3304-4785-a8f9-c538deaab382/Screenshot_20260621_221300_Phone.jpg,2026-06-21 21:13:25.40794+00,t,2026-06-21 21:14:16.394411+00,f,,1632,2,
1068,payment_proofs/22254dbb-af97-4240-8378-441e12630f49/IMG_2195.jpeg,2026-06-22 08:28:29.863816+00,t,2026-06-22 10:10:54.488067+00,f,,1633,2,payment_proofs/22254dbb-af97-4240-8378-441e12630f49/IMG_2195_tLFP5wP.jpeg
1069,payment_proofs/db8050df-9e97-444e-b93e-e73b8c39a478/1001701895.jpg,2026-06-22 10:31:13.78124+00,t,2026-06-22 11:30:12.674609+00,f,,1635,2,
1328,payment_proofs/2046e83a-5555-4c93-879d-8f2c7eb993a2/IMG_0142.png,2026-07-12 13:23:51.293088+00,t,2026-07-12 13:55:26.266977+00,f,,2078,2,payment_proofs/2046e83a-5555-4c93-879d-8f2c7eb993a2/IMG_0143.jpeg
1091,payment_proofs/0951bbf7-6c37-467a-979a-19cec2e93f3c/IMG-20260623-WA0003.jpg,2026-06-23 06:18:33.809179+00,t,2026-06-23 10:05:50.750781+00,f,,1658,2,
1093,payment_proofs/d5440688-ecae-4b60-a1d8-66148ae05bc7/38AC0C0F-93DB-4823-945D-FDF37E476A94.jpeg,2026-06-23 10:22:48.22973+00,t,2026-06-23 13:20:40.230945+00,f,,1662,2,
1092,payment_proofs/d5676f7b-0fd2-4950-a770-641e13fa6ea8/1000875856.jpg,2026-06-23 08:12:36.437408+00,t,2026-06-23 13:20:46.042938+00,f,,1655,2,
1094,payment_proofs/985e5777-98fb-44a8-9fc2-c612e2a1239e/1000671250.jpg,2026-06-23 13:55:19.753605+00,t,2026-06-23 14:01:52.714454+00,f,,1663,2,
1095,payment_proofs/690f729d-f048-4dcc-a5ef-6d5900f831e5/image.jpg,2026-06-23 13:58:52.653685+00,t,2026-06-23 14:01:57.600396+00,f,,1664,2,
1096,payment_proofs/371cb7d1-6268-4169-b185-a3649cb4afe5/IMG_7848.png,2026-06-23 14:02:25.78531+00,t,2026-06-23 14:06:37.259661+00,f,,1665,2,
1097,payment_proofs/61e5b6a3-02f6-4471-b5e3-6515f1f6fb8b/IMG_7576.png,2026-06-23 14:15:04.204936+00,t,2026-06-23 14:34:25.900159+00,f,,1666,2,
1099,payment_proofs/dbd8c3bd-910b-4f89-89fa-e823e503661d/IMG_1060.png,2026-06-23 14:58:35.316559+00,t,2026-06-23 15:44:42.44006+00,f,,1669,2,payment_proofs/dbd8c3bd-910b-4f89-89fa-e823e503661d/IMG_1060_AylZ6lR.png
1098,payment_proofs/daf73699-dbe0-4735-a364-f2c456d2837c/IMG_1059.png,2026-06-23 14:55:24.10295+00,t,2026-06-23 15:44:43.189283+00,f,,1668,2,payment_proofs/daf73699-dbe0-4735-a364-f2c456d2837c/IMG_1059_vVvi81k.png
1100,payment_proofs/25526227-7dac-4552-a93d-036c733dcb27/image.jpg,2026-06-23 15:33:09.332111+00,t,2026-06-23 16:09:48.857347+00,f,,1671,2,payment_proofs/25526227-7dac-4552-a93d-036c733dcb27/image_tBB9uEt.jpg
1101,payment_proofs/a23cde3d-00a5-4872-9bb9-0f099496717b/image.jpg,2026-06-23 16:11:40.663413+00,t,2026-06-23 16:15:20.99397+00,f,,1672,2,
1102,payment_proofs/5f9c79f4-67f7-4dba-9809-43c4e8a1f317/IMG_7844.jpeg,2026-06-23 16:13:57.721573+00,t,2026-06-23 16:15:23.233523+00,f,,1673,2,payment_proofs/5f9c79f4-67f7-4dba-9809-43c4e8a1f317/IMG_7844_NacnDUN.jpeg
1103,payment_proofs/6adb61a0-7066-475b-acd2-d34c41645d91/IMG_2647.jpeg,2026-06-23 17:01:07.291276+00,t,2026-06-23 17:12:03.210907+00,f,,1676,2,payment_proofs/6adb61a0-7066-475b-acd2-d34c41645d91/IMG_2646.jpeg
1104,payment_proofs/6aa53e7a-c61c-48fb-af10-42e99a774433/IMG-20260623-WA0026.jpg,2026-06-23 19:43:23.099021+00,t,2026-06-23 19:43:58.680686+00,f,,1680,2,
1105,payment_proofs/6a42598e-ac2c-4498-8828-e3cb83073953/IMG_0954.png,2026-06-23 19:51:53.58316+00,t,2026-06-23 19:56:33.72545+00,f,,1681,2,
1106,payment_proofs/947a049e-a15c-4900-944f-16150e8eb68f/IMG_4697.jpeg,2026-06-23 20:07:00.701013+00,t,2026-06-23 20:48:27.697672+00,f,,1679,2,
1107,payment_proofs/b271d74b-969a-43bd-b4dc-74f23d83e007/Screenshot_20260623_221802_MoMo.jpg,2026-06-23 21:22:26.842602+00,t,2026-06-23 22:19:22.471955+00,f,,1683,2,payment_proofs/b271d74b-969a-43bd-b4dc-74f23d83e007/Screenshot_20260623_221802_MoMo_SZe8NcK.jpg
1108,payment_proofs/9e12f7a9-a3d5-4942-9918-8a0c99a2f542/image.jpg,2026-06-23 21:36:16.924659+00,t,2026-06-23 22:19:29.136182+00,f,,1674,2,payment_proofs/9e12f7a9-a3d5-4942-9918-8a0c99a2f542/image_6HB6d1I.jpg
1109,payment_proofs/43688397-d919-473a-add0-b4047c67855e/1000020974.jpg,2026-06-23 22:18:10.912999+00,t,2026-06-23 22:20:25.265458+00,f,,1682,2,
1111,payment_proofs/4822df1a-79ce-4494-be56-8a8247137e46/IMG_4706.jpeg,2026-06-24 07:51:20.694609+00,t,2026-06-24 07:54:07.817756+00,f,,1689,2,
1112,payment_proofs/229546e0-2f8c-4b8e-b641-1513b4487f67/IMG_4708.jpeg,2026-06-24 08:12:14.37774+00,t,2026-06-24 08:21:09.288466+00,f,,1691,2,
1113,payment_proofs/de18cfc9-5ff3-4acb-9ac1-25013b19c517/1000222574.jpg,2026-06-24 08:36:58.823611+00,t,2026-06-24 08:45:13.256097+00,f,,1693,2,
1115,payment_proofs/f2a10838-cb22-46c3-bcf4-badf65203338/d3d62ce3-17f6-416c-a388-47dd1421f570.jpeg,2026-06-24 10:08:27.000659+00,t,2026-06-24 10:13:37.368089+00,f,,1694,2,
1114,payment_proofs/af4e336e-bb78-497c-86b7-f3871fd0d41c/image.jpg,2026-06-24 10:01:34.718414+00,t,2026-06-24 10:14:27.119386+00,f,,1696,2,
1117,payment_proofs/279c910c-1f74-4123-bbba-798a8945222d/Screenshot_20260624_150928_Messages.png,2026-06-24 14:11:23.719537+00,t,2026-06-24 14:29:52.097979+00,f,,1699,2,
1116,payment_proofs/1c2e3142-b352-4691-8685-41d7d0155718/1001564942.png,2026-06-24 13:53:21.934332+00,t,2026-06-24 14:40:48.38178+00,f,,1698,2,
1121,payment_proofs/291a4f23-daa8-474c-b877-cee7d41bbccb/SmartSelect_20260625_090524_Messages.jpg,2026-06-25 08:07:29.526448+00,t,2026-06-25 08:37:56.732983+00,f,,1707,2,
1122,payment_proofs/b87f58f1-0237-4ee3-b579-06a4480abc1b/250268.jpg,2026-06-25 08:20:32.052438+00,t,2026-06-25 08:45:31.453565+00,f,,1705,2,
1119,payment_proofs/24ead4f8-00b9-4337-bcf9-661c2dbcbbb9/17823743322272271293803531812972.jpg,2026-06-25 07:59:25.203137+00,t,2026-06-25 08:53:28.758598+00,f,,1701,2,
1120,payment_proofs/65752a3e-96d3-4699-9912-be409d5bc45b/17823744562536119508164181718778.jpg,2026-06-25 08:01:16.419256+00,t,2026-06-25 08:53:31.947768+00,f,,1703,2,
1123,payment_proofs/6a061d17-f128-44fa-a672-6509d6c9e78b/17823771258453087941726668006298.jpg,2026-06-25 08:46:14.108826+00,t,2026-06-25 08:53:40.471035+00,f,,1704,2,
1118,payment_proofs/651b48a9-d859-42ee-a93f-547131f55d07/BE98498D-D884-4396-A355-054728ADDC19.jpeg,2026-06-24 15:54:04.396007+00,t,2026-06-25 13:24:14.505197+00,f,,1700,2,
1124,payment_proofs/02f0ab1e-b42f-4960-aa5d-be13679967d2/Screenshot_20260625-152955.jpg,2026-06-25 14:31:44.323233+00,t,2026-06-25 14:33:44.466832+00,f,,1712,2,payment_proofs/02f0ab1e-b42f-4960-aa5d-be13679967d2/Screenshot_20260625-152955_PlfSvnJ.jpg
1125,payment_proofs/c1f96e51-f6e9-4469-9e87-278c91d18ea5/1002805628.jpg,2026-06-25 17:03:10.544392+00,t,2026-06-25 17:05:05.119397+00,f,,1713,2,payment_proofs/c1f96e51-f6e9-4469-9e87-278c91d18ea5/1002805628_n3FftK6.jpg
1126,payment_proofs/714cf966-8953-4f17-aaa8-4ad479745cd0/267482.png,2026-06-25 18:28:04.206777+00,t,2026-06-25 20:27:19.923078+00,f,,1716,2,
1127,payment_proofs/26063a38-3135-4da1-a9e0-2fccbd9273af/1001779253.png,2026-06-25 18:43:55.970743+00,t,2026-06-25 20:28:26.44932+00,f,,1717,2,
1128,payment_proofs/7cdc4396-c93c-4484-a8de-842b04081d56/IMG_2727.jpeg,2026-06-25 19:38:04.776983+00,t,2026-06-25 21:23:39.898624+00,f,,1718,2,payment_proofs/7cdc4396-c93c-4484-a8de-842b04081d56/IMG_2727_jwLwsvp.jpeg
1129,payment_proofs/cc525c0e-bb03-43d5-a6b2-0261a21a8fb9/Screen_rW7cgVB.google.android.apps.messaging.jpg,2026-06-25 21:37:42.990814+00,t,2026-06-25 22:40:57.245722+00,f,,1720,2,payment_proofs/cc525c0e-bb03-43d5-a6b2-0261a21a8fb9/Screen_EhFbGKM.google.android.apps.messaging.jpg
1130,payment_proofs/d00ffebd-6c3c-4f45-8838-8f9adf9528af/IMG_0221.png,2026-06-26 07:39:48.634639+00,t,2026-06-26 12:23:40.069595+00,f,,1721,2,
1131,payment_proofs/dec390cc-0d98-45f3-ba7a-3cb93c82708c/IMG_4716.jpeg,2026-06-26 13:01:11.1833+00,t,2026-06-26 13:05:42.417627+00,f,,1724,2,
1132,payment_proofs/d7fc9664-e3de-4985-bf73-c67ea0f90ac7/42435.jpg,2026-06-26 13:33:58.454304+00,t,2026-06-26 13:46:19.045295+00,f,,1725,2,
1133,payment_proofs/73548c9a-fb19-4c6a-ae12-5fa049b17d0c/276310.png,2026-06-26 20:45:59.244404+00,t,2026-06-26 20:50:09.384561+00,f,,1729,2,
1327,payment_proofs/e9f64fd9-821f-444f-b112-46d05fc05560/IMG_8761.png,2026-07-12 10:24:25.672184+00,t,2026-07-12 10:28:13.582331+00,f,,2077,2,
1134,payment_proofs/400ed93c-67ba-4a28-bcf2-c0fb0acea957/1000716504.jpg,2026-06-26 23:14:02.84049+00,t,2026-06-27 00:38:23.441336+00,f,,1737,2,
1135,payment_proofs/29f160e8-7743-4422-a755-23c167779e2d/Screenshot_20260627_010214_Messages.jpg,2026-06-27 00:02:48.097965+00,t,2026-06-27 00:38:28.787466+00,f,,1739,2,
1136,payment_proofs/da5bf88f-7e03-4124-875b-9d0a2e85ecc3/Screenshot_20260627_010214_Messages.jpg,2026-06-27 00:03:47.966142+00,t,2026-06-27 00:38:29.978056+00,f,,1740,2,
1138,payment_proofs/8cef968d-030c-440c-bedd-50d7521e60f0/1000025946.jpg,2026-06-27 11:29:10.235472+00,t,2026-06-27 11:40:14.38376+00,f,,1742,2,
1137,payment_proofs/e1f64c04-c5c3-4bad-b56d-9bbe9b72ad71/1001240447.jpg,2026-06-27 09:18:17.001028+00,t,2026-06-27 11:40:16.441642+00,f,,1741,2,
1141,payment_proofs/25e79a20-ffd1-4fe1-ac75-d931620ae39f/onoff-app4948.logowik.com.webp,2026-06-27 18:20:02.670876+00,t,2026-06-27 18:22:01.85904+00,f,,1747,1,
1140,payment_proofs/9e916460-759d-480f-bf66-d74319566e7d/IMG_0024.jpeg,2026-06-27 17:02:45.327035+00,t,2026-06-27 22:10:12.447669+00,f,,1746,2,
1139,payment_proofs/d74515ef-fec2-4bc4-bcca-c7ddcbfeaf7d/IMG_0915.jpeg,2026-06-27 12:57:02.804314+00,t,2026-06-27 22:10:39.007589+00,f,,1743,2,
1142,payment_proofs/09ae074a-a47b-4b97-8995-caf90f62ad12/image.jpg,2026-06-27 22:41:57.014731+00,f,,t,"
Ce n'est pas la bonne image : il faut la capture d'ecran de votre transfert d'argent.",1750,,
1143,payment_proofs/172d84cc-96e6-45c7-9bf7-3913c9acc1b5/118138.jpg,2026-06-28 11:53:15.553022+00,t,2026-06-28 11:54:01.430958+00,f,,1755,2,payment_proofs/172d84cc-96e6-45c7-9bf7-3913c9acc1b5/118137.jpg
1144,payment_proofs/bdb8deec-a52f-404e-8c07-2453cc9a5bdb/1001318395.jpg,2026-06-28 12:50:25.78068+00,t,2026-06-28 13:33:48.737341+00,f,,1765,2,
1145,payment_proofs/f23a096c-7e01-4c3b-9eb3-7dd5897f87fd/IMG_3044.jpeg,2026-06-28 14:47:03.043021+00,t,2026-06-28 16:20:00.179683+00,f,,1766,2,
1146,payment_proofs/9b1bbee2-7400-4ff7-8d48-8bd2090e3142/1000108258.jpg,2026-06-28 16:43:05.166038+00,t,2026-06-28 22:55:50.045646+00,f,,1767,2,payment_proofs/9b1bbee2-7400-4ff7-8d48-8bd2090e3142/1000108258_bRe4mes.jpg
1147,payment_proofs/6c80656f-6b6c-4b5b-90fd-f59f2b67e415/IMG_4166.png,2026-06-28 18:01:25.183656+00,t,2026-06-28 22:55:58.679202+00,f,,1770,2,
1148,payment_proofs/56d594d0-1b22-4d3d-8035-05d0749b400d/IMG_9394.png,2026-06-29 00:11:00.27848+00,t,2026-06-29 16:00:13.68391+00,f,,1777,2,payment_proofs/56d594d0-1b22-4d3d-8035-05d0749b400d/IMG_9394_BysxwY0.png
1149,payment_proofs/2b2dc0fb-e120-4ece-aff5-744e053907e7/81822E02-37A9-405F-BCDE-BF848DDA3D7F.JPG,2026-06-29 10:12:32.468783+00,t,2026-06-29 16:01:01.523278+00,f,,1786,2,payment_proofs/2b2dc0fb-e120-4ece-aff5-744e053907e7/81822E02-37A9-405F-BCDE-BF848DDA3D7F_5o3FZWZ.JPG
1150,payment_proofs/fe1dc7d4-f81f-4f10-87bb-c455341ed62d/1001697974.jpg,2026-06-29 13:19:03.029196+00,t,2026-06-29 16:02:46.2446+00,f,,1791,2,
1151,payment_proofs/1b731595-563e-4bce-8c97-732b29d10a74/IMG_6263.jpeg,2026-06-29 16:31:32.73221+00,t,2026-06-29 16:32:38.42123+00,f,,1794,2,
1152,payment_proofs/3a90c67a-f881-4d94-b17c-993c65bbbf66/119829.jpg,2026-06-29 16:46:02.149837+00,t,2026-06-29 16:52:15.304403+00,f,,1796,2,payment_proofs/3a90c67a-f881-4d94-b17c-993c65bbbf66/119830.jpg
1153,payment_proofs/36c69604-b434-489c-96f9-6a2416379000/IMG_5889.jpeg,2026-06-29 17:05:57.031021+00,t,2026-06-29 17:15:59.127653+00,f,,1797,2,
1154,payment_proofs/d44e1eb1-617c-4518-b2f6-b84823c1f5f8/1000305861.jpg,2026-06-29 19:18:14.32038+00,t,2026-06-29 19:31:11.111854+00,f,,1799,2,
1155,payment_proofs/6be09279-036c-4c61-b0f0-59dda5db4544/IMG_1185.jpeg,2026-06-29 20:08:16.574971+00,t,2026-06-29 20:21:38.031088+00,f,,1800,2,
1156,payment_proofs/6014f400-caa2-4101-940a-fd979c379948/IMG_1186.jpeg,2026-06-29 20:18:19.713233+00,t,2026-06-29 20:21:40.971826+00,f,,1804,2,
1157,payment_proofs/a30a5282-42ce-4fd4-9242-a3c8ed205161/1001171251.jpg,2026-06-29 21:29:54.553953+00,t,2026-06-29 21:32:00.753571+00,f,,1809,2,
1158,payment_proofs/5c783aca-9ed4-4380-89b8-c3624e33a8a3/IMG_7016.png,2026-06-29 21:50:23.911881+00,t,2026-06-29 21:53:03.769032+00,f,,1811,2,
1159,payment_proofs/6904d458-72d4-4e2b-9d9d-680c4636af3c/IMG_1357.jpeg,2026-06-29 23:04:15.796877+00,t,2026-06-29 23:16:59.159123+00,f,,1812,2,
1161,payment_proofs/0e821db4-a425-46a0-a6b9-5fcb96f43c57/IMG_5469.jpeg,2026-06-30 09:42:36.842213+00,t,2026-06-30 15:36:55.527406+00,f,,1820,2,
1160,payment_proofs/65252d3c-bae4-4ce0-aaea-5ab20fb77fd5/1000996418.jpg,2026-06-30 09:20:46.126787+00,t,2026-06-30 15:47:43.248641+00,f,,1819,2,
1163,payment_proofs/b5eb1438-eaf2-4ba7-a1e9-4fc8b688b63d/1000024230.png,2026-06-30 16:16:41.048382+00,t,2026-06-30 16:21:07.873202+00,f,,1823,2,
1162,payment_proofs/68f0e532-001c-47ce-85a0-00e7a3c604c8/image.jpg,2026-06-30 16:16:35.468167+00,t,2026-06-30 16:21:27.906407+00,f,,1822,2,
1171,payment_proofs/ee2d2915-c519-4ecc-a26f-1e555118c604/1000024231.png,2026-06-30 16:28:59.841926+00,t,2026-06-30 16:30:15.106459+00,f,,1825,2,
1172,payment_proofs/17c463c2-e162-4a65-96ff-fd7903a882ed/IMG_20260630_173412_654.jpg,2026-06-30 16:37:08.242036+00,t,2026-06-30 16:59:51.790773+00,f,,1824,2,payment_proofs/17c463c2-e162-4a65-96ff-fd7903a882ed/IMG_20260630_173354_095.jpg
1174,payment_proofs/a6eef8a0-73be-48f4-a43d-699eca1ad0b9/image.jpg,2026-06-30 16:54:52.411204+00,t,2026-06-30 17:39:10.855431+00,f,,1828,2,payment_proofs/a6eef8a0-73be-48f4-a43d-699eca1ad0b9/4a5e9f74-9a4e-438b-b0c2-32cf5356aa9f.jpeg
1173,payment_proofs/89955ea3-2e86-42f7-b00a-5bd47cf01b13/IMG_2404.png,2026-06-30 16:40:49.979488+00,f,,t,"
Ce n'est pas la bonne image : il faut la capture d'ecran de votre transfert d'argent.",1826,,payment_proofs/89955ea3-2e86-42f7-b00a-5bd47cf01b13/IMG_2413.png
1175,payment_proofs/492bbbd5-78c7-45f5-a05d-88043c248eaf/image.jpg,2026-06-30 17:55:42.7543+00,t,2026-06-30 18:50:46.862773+00,f,,1830,2,
1178,payment_proofs/d0ef1634-6947-483e-9ddf-a83e28c47111/Screenshot_20260630-2000592.jpg,2026-06-30 19:02:33.248554+00,t,2026-06-30 19:12:32.195091+00,f,,1837,2,
1177,payment_proofs/231259ef-f8ac-4905-a6ce-1568a0d4eb71/IMG_1488.jpeg,2026-06-30 19:01:44.286841+00,t,2026-06-30 19:13:41.673221+00,f,,1831,2,
1176,payment_proofs/d35be731-cd69-4149-b705-01bc06960caf/1000343117.png,2026-06-30 18:05:41.301577+00,t,2026-06-30 19:13:47.260815+00,f,,1817,2,
1179,payment_proofs/0fa9b927-3586-4c45-bfd7-34bd6f785a99/IMG_2417.jpeg,2026-06-30 19:22:01.088412+00,t,2026-06-30 21:44:16.305967+00,f,,1838,2,
1182,payment_proofs/7d82ad0a-61b8-45cc-9e41-37f19a6a3511/1001000048.jpg,2026-07-01 08:58:45.76553+00,t,2026-07-01 12:35:10.730803+00,f,,1848,2,
1181,payment_proofs/b87da4c3-95bd-4e20-905c-57a77456ca6b/1000193366.jpg,2026-06-30 22:19:47.160243+00,t,2026-07-01 12:35:56.001513+00,f,,1844,2,payment_proofs/b87da4c3-95bd-4e20-905c-57a77456ca6b/1000193366_yxPupD7.jpg
1180,payment_proofs/b6571669-df40-45ac-8ac4-10d323709aca/IMG_6189.jpeg,2026-06-30 19:33:17.279354+00,t,2026-07-01 12:31:08.78629+00,f,,1841,2,
1183,payment_proofs/b3035304-971e-4f3e-9cda-29e0fe6820c9/image.jpg,2026-07-01 08:59:37.981741+00,t,2026-07-01 12:35:02.242635+00,f,,1846,2,
1326,payment_proofs/8bafcfcb-5e97-4a2a-b29f-bc06b7ba5a42/IMG-20260712-WA0000.jpg,2026-07-12 10:20:54.382605+00,t,2026-07-12 10:28:32.01465+00,f,,2076,2,payment_proofs/8bafcfcb-5e97-4a2a-b29f-bc06b7ba5a42/IMG-20260712-WA0001.jpg
1187,payment_proofs/9ca10bb7-4800-4e43-9513-9aa917c72bcb/IMG_6151.png,2026-07-01 19:54:27.752853+00,t,2026-07-01 21:33:30.540364+00,f,,1853,2,
1184,payment_proofs/7a1ad677-c375-41c7-b1c8-d950f73e45f3/IMG_5272.jpeg,2026-07-01 15:30:58.648318+00,t,2026-07-01 21:33:33.16978+00,f,,1850,2,
1185,payment_proofs/44a769c6-adcc-4305-aad8-ef290fa71467/IMG_1503.jpeg,2026-07-01 17:37:15.086361+00,t,2026-07-01 21:53:44.001387+00,f,,1851,2,
1189,payment_proofs/fd1e720b-983b-4100-b88f-ac384733b568/1000338558.png,2026-07-01 22:36:23.244563+00,t,2026-07-01 22:38:31.549878+00,f,,1855,2,
1190,payment_proofs/3ba38a12-0eb3-41b2-9905-048ebbb8ca28/image.jpg,2026-07-01 23:09:43.337839+00,t,2026-07-01 23:11:26.487686+00,f,,1858,2,
1191,payment_proofs/7e65f77e-e4e6-46d5-b856-204dad3124ca/IMG_8594.png,2026-07-02 06:36:28.890284+00,t,2026-07-02 06:42:08.303317+00,f,,1859,2,
1192,payment_proofs/fd520791-10a1-43c9-b11f-0b36ee78217e/IMG_6787.jpeg,2026-07-02 10:52:37.882881+00,t,2026-07-02 10:55:04.259233+00,f,,1863,2,payment_proofs/fd520791-10a1-43c9-b11f-0b36ee78217e/IMG_6788.jpeg
1193,payment_proofs/815db7ad-15a0-4966-968d-c4a5337ef944/onoff-app4948.logowik.com_1.webp,2026-07-02 13:19:21.961154+00,t,2026-07-02 13:22:48.28514+00,f,,1864,1,
1194,payment_proofs/f04e7a24-08cf-41ff-bfa2-2122b76c85de/1000269353.png,2026-07-02 19:08:33.527974+00,t,2026-07-02 20:02:37.424177+00,f,,1868,2,
1195,payment_proofs/18cfcb40-1660-4ea2-a982-301e670bcb2b/IMG_1912.jpeg,2026-07-02 20:45:46.916381+00,t,2026-07-02 21:00:46.2703+00,f,,1869,2,
1197,payment_proofs/74ab9f5c-2a7f-4798-8edf-0994fff05abd/IMG_3808.jpeg,2026-07-02 22:13:36.189093+00,t,2026-07-02 22:39:03.078658+00,f,,1871,2,
1196,payment_proofs/2d8bb94a-a7e8-44e4-8dc9-55e37be5dfa5/IMG_3807.jpeg,2026-07-02 22:10:46.920241+00,t,2026-07-02 22:39:05.34686+00,f,,1870,2,
1200,payment_proofs/c05174da-3c03-4091-8d78-867b8bdadcfd/1001268290.jpg,2026-07-03 09:07:25.058125+00,t,2026-07-03 13:13:57.958008+00,f,,1876,2,
1198,payment_proofs/8d1dded3-1bf0-4c1f-ab3e-2d3c8fba3603/IMG_3810.jpeg,2026-07-02 22:52:11.894893+00,t,2026-07-03 13:17:02.834647+00,f,,1873,2,
1199,payment_proofs/bea04846-f1fe-493d-a540-bc12b97c5d8f/IMG_9216.jpeg,2026-07-03 05:10:29.942874+00,f,,t,Ce n'est pas la bonne image : il faut la capture d'ecran de votre transfert d'argent.,1874,,
1201,payment_proofs/1fbd8b4f-bb71-4a71-89c3-c8c7a53d95c4/Screenshot_20260703_152223_Messages.jpg,2026-07-03 14:22:51.460361+00,t,2026-07-03 14:26:22.498508+00,f,,1880,2,
1202,payment_proofs/909fb4f6-33c7-435b-b9d1-698e64316a97/image.jpeg,2026-07-03 14:24:16.065704+00,t,2026-07-03 14:26:32.877994+00,f,,1879,2,
1203,payment_proofs/e9199ff9-51be-4a6a-84d6-88e394d4beda/IMG_20260703_161044.jpg,2026-07-03 15:13:32.777348+00,t,2026-07-03 15:18:42.646907+00,f,,1883,2,
1204,payment_proofs/be2be054-db7f-4e6a-8c8a-b3a22789bf33/IMG_1216.png,2026-07-03 15:19:35.506995+00,t,2026-07-03 15:22:31.796206+00,f,,1882,2,payment_proofs/be2be054-db7f-4e6a-8c8a-b3a22789bf33/IMG_1216_e8s0ASr.png
1206,payment_proofs/a93005bf-7a08-401f-9cac-61684da30147/1000131882.png,2026-07-03 17:15:03.583325+00,t,2026-07-03 18:00:40.899256+00,f,,1893,2,
1207,payment_proofs/bf12cc1c-0059-40d7-8ace-de88d8a065aa/IMG_20260703_181926.jpg,2026-07-03 17:20:32.674487+00,t,2026-07-03 19:06:35.432056+00,f,,1895,2,
1205,payment_proofs/7d46f481-1502-4c1a-874c-e666f11afde6/17830949583242357312170558048893.jpg,2026-07-03 16:11:36.016989+00,t,2026-07-03 19:06:43.605839+00,f,,1885,2,
1208,payment_proofs/12c9dbb8-9dc3-460b-b046-2f6e8d9f7489/1000763953.jpg,2026-07-03 19:29:08.910027+00,t,2026-07-03 19:53:08.680729+00,f,,1896,2,
1209,payment_proofs/a54d4cbc-d20b-4172-b338-d41ca6f5e2fc/1000763974.jpg,2026-07-03 19:45:14.261326+00,t,2026-07-03 19:53:12.335434+00,f,,1898,2,
1210,payment_proofs/54018d56-fa9a-40b8-9721-6f1dcdec52fd/1000763975.jpg,2026-07-03 19:47:33.752303+00,t,2026-07-03 19:53:16.449402+00,f,,1899,2,
1211,payment_proofs/2d895d02-74bf-4d2b-b66c-2c0281cff65f/IMG_2638.png,2026-07-03 21:13:49.014777+00,t,2026-07-03 22:49:24.667875+00,f,,1902,2,
1212,payment_proofs/3278f6aa-1392-4e6a-b5b9-8acfa84b7376/1001173000.jpg,2026-07-03 23:13:24.020228+00,t,2026-07-03 23:20:46.80041+00,f,,1904,2,
1215,payment_proofs/fcb38e7c-6fa0-4ade-9ebe-a3d85198e932/Screenshot_20260704_131957_Messages.jpg,2026-07-04 12:21:37.33638+00,t,2026-07-04 12:36:19.916575+00,f,,1907,2,
1222,payment_proofs/f1f566bd-6a20-485d-bbcf-ec3cfb413f87/IMG_8759.png,2026-07-04 18:21:48.671899+00,t,2026-07-04 18:25:26.993664+00,f,,1919,2,
1221,payment_proofs/86de38a1-21e7-4c33-b374-a407e8e84a78/Screenshot_20260_8dhCS9b.orange.myorange.ocm.jpg,2026-07-04 18:06:08.98153+00,t,2026-07-04 18:26:40.008606+00,f,,1918,2,
1223,payment_proofs/552dcce7-f7bb-478f-93af-059bf5749b22/IMG_8956.jpeg,2026-07-04 18:46:17.425651+00,t,2026-07-04 18:50:47.406158+00,f,,1921,2,
1225,payment_proofs/e2cbd5d9-c005-4dcd-98eb-672276cb07b8/IMG_4300.jpeg,2026-07-04 21:00:19.136425+00,t,2026-07-04 22:24:55.372913+00,f,,1924,2,payment_proofs/e2cbd5d9-c005-4dcd-98eb-672276cb07b8/IMG_4300_otvNlRn.jpeg
1224,payment_proofs/05b89098-ebb7-4236-b8bf-16328b9d06f2/IMG_4299.jpeg,2026-07-04 20:58:16.409705+00,t,2026-07-04 22:25:02.575363+00,f,,1923,2,payment_proofs/05b89098-ebb7-4236-b8bf-16328b9d06f2/IMG_4299_uW5jQP5.jpeg
1220,payment_proofs/04ca21c6-b5b6-41e0-bc13-f54c5d18d3c9/image.jpg,2026-07-04 17:38:35.508823+00,t,2026-07-04 22:31:31.725074+00,f,,1917,2,
1219,payment_proofs/2ab3c7f2-c62d-4d76-84b1-cfbd8e864457/Screenshot_20260704_173849_Phone.jpg,2026-07-04 16:41:05.108818+00,t,2026-07-04 22:36:08.470754+00,f,,1916,2,payment_proofs/2ab3c7f2-c62d-4d76-84b1-cfbd8e864457/Screenshot_20260704_173849_Phone_9GoSaKb.jpg
1217,payment_proofs/4f027cfa-eedf-489f-bd2d-168477d846a6/1783168264573958526434470167101.jpg,2026-07-04 12:32:20.649783+00,t,2026-07-04 22:39:23.505498+00,f,,1913,2,
1216,payment_proofs/0c17998f-085e-4d59-8ce8-699f561c366d/1000160996.jpg,2026-07-04 12:27:05.076364+00,t,2026-07-04 22:39:29.07546+00,f,,1909,2,payment_proofs/0c17998f-085e-4d59-8ce8-699f561c366d/1000160996_jYuu56m.jpg
1218,payment_proofs/d83b0128-45ca-4f5c-a0dc-a68e4e484052/IMG_0184.jpeg,2026-07-04 16:08:55.842981+00,t,2026-07-04 22:45:45.766994+00,f,,1915,2,payment_proofs/d83b0128-45ca-4f5c-a0dc-a68e4e484052/IMG_0183.jpeg
1213,payment_proofs/0ff748f0-f968-418d-abc6-af9387579530/IMG_4400.png,2026-07-04 08:20:03.897686+00,t,2026-07-07 11:46:58.742915+00,f,,1905,2,
1214,payment_proofs/d7065183-0da6-467e-938c-10d5bbf63c84/91516.jpg,2026-07-04 10:16:31.762997+00,t,2026-07-07 12:51:29.091776+00,f,,1906,2,
1226,payment_proofs/f54d41fe-93c3-40fd-b1b7-400746eb7db4/IMG_4305.jpeg,2026-07-04 23:58:32.704232+00,t,2026-07-04 23:58:49.851553+00,f,,1928,2,payment_proofs/f54d41fe-93c3-40fd-b1b7-400746eb7db4/IMG_4305_AxZlAdt.jpeg
1322,payment_proofs/7dc729eb-15c5-4500-aa72-bd8fc06faabf/Screenshot_2026-07-11-23-44-28-56_40_hcG0rC2.jpg,2026-07-11 22:44:46.786468+00,t,2026-07-11 22:46:27.368954+00,f,,2068,2,payment_proofs/7dc729eb-15c5-4500-aa72-bd8fc06faabf/1783809752231295943061098030128.jpg
1227,payment_proofs/12665e6b-f2cd-4502-badf-d04875092462/69473.jpg,2026-07-05 00:41:03.296673+00,t,2026-07-05 12:09:15.111479+00,f,,1929,2,payment_proofs/12665e6b-f2cd-4502-badf-d04875092462/69473_4UTv50n.jpg
1228,payment_proofs/501bef06-e006-49b6-a6e0-2d4c1ab9b3b1/IMG_1378.jpeg,2026-07-05 13:05:54.147521+00,t,2026-07-05 13:06:18.637308+00,f,,1931,2,
1229,payment_proofs/ea4e0912-b79f-4000-b083-04966de6d103/IMG_1379.jpeg,2026-07-05 13:08:05.060344+00,t,2026-07-05 13:09:16.742621+00,f,,1932,2,
1231,payment_proofs/ed2b884e-0108-43d0-b5ef-72ecfbc9774d/IMG_6488.png,2026-07-05 14:02:01.600111+00,t,2026-07-05 14:12:46.653827+00,f,,1936,2,
1230,payment_proofs/4c6392aa-50dd-46e1-84f2-f8eb0db92528/IMG_6486.png,2026-07-05 13:59:24.703444+00,t,2026-07-05 14:13:06.721828+00,f,,1935,2,
1232,payment_proofs/52823db9-9dcf-4ea9-98c8-34e50da76de5/1000767896.jpg,2026-07-05 14:31:27.560794+00,t,2026-07-05 14:34:31.574203+00,f,,1938,2,payment_proofs/52823db9-9dcf-4ea9-98c8-34e50da76de5/1000767882.jpg
1233,payment_proofs/906f281a-9540-43a7-a174-36c1cfb3af97/Screenshot_20260705-161153.png,2026-07-05 15:22:18.610376+00,t,2026-07-05 15:28:12.50887+00,f,,1939,2,payment_proofs/906f281a-9540-43a7-a174-36c1cfb3af97/Screenshot_20260705-161153_CTD388y.png
1234,payment_proofs/21ad6f14-0a07-4dad-8ad4-8cd4654c2aa8/1001007190.jpg,2026-07-05 15:30:17.541682+00,t,2026-07-05 15:41:34.477582+00,f,,1940,2,payment_proofs/21ad6f14-0a07-4dad-8ad4-8cd4654c2aa8/1001007190_gkcPVtJ.jpg
1235,payment_proofs/177ca8c3-c308-492d-b38e-8290e91ea97a/211658.jpg,2026-07-05 15:42:56.461925+00,t,2026-07-05 15:54:20.23529+00,f,,1941,2,payment_proofs/177ca8c3-c308-492d-b38e-8290e91ea97a/211658_nFyzGOJ.jpg
1236,payment_proofs/9843a8d0-3a70-43af-b55b-80cdb3e6bd5a/1000223123.jpg,2026-07-05 18:11:03.963583+00,t,2026-07-05 18:15:12.768063+00,f,,1943,2,
1239,payment_proofs/887c4609-0e00-4733-acad-be3e2fbf7d81/Screenshot_20260706-121007.jpg,2026-07-06 11:10:42.689609+00,t,2026-07-06 11:13:53.978273+00,f,,1947,2,
1240,payment_proofs/01a2a188-ca7a-4ef7-b535-78b415932e5e/Screenshot_20260706_184038_Messages.jpg,2026-07-06 17:40:52.939429+00,t,2026-07-06 18:28:22.846383+00,f,,1950,2,
1243,payment_proofs/4c412ad7-72a0-42f0-b57b-3df23d121946/IMG-20260706-WA0015.jpg,2026-07-06 19:46:15.802133+00,t,2026-07-07 07:14:17.300958+00,f,,1945,2,payment_proofs/4c412ad7-72a0-42f0-b57b-3df23d121946/IMG-20260706-WA0016.jpg
1244,payment_proofs/886e1316-2937-4634-b558-c26b59947982/1001350437.jpg,2026-07-06 20:05:24.23225+00,t,2026-07-07 07:18:26.885793+00,f,,1954,2,
1249,payment_proofs/4b946a85-df07-4f0e-a2b4-3f40dfec3f36/1001351015.jpg,2026-07-07 07:29:16.049004+00,t,2026-07-07 07:30:58.125177+00,f,,1958,2,
1250,payment_proofs/754aff8c-d6b3-4be7-ad34-26558989185c/IMG_1379.jpeg,2026-07-07 07:35:29.820371+00,t,2026-07-07 07:39:39.832745+00,f,,1959,2,
1248,payment_proofs/000cb019-d8d7-4b31-8d0e-a8ae81610be1/SmartSelect_20260706_193625_Messages.jpg,2026-07-07 04:14:25.547312+00,t,2026-07-07 07:49:22.076301+00,f,,1957,2,
1251,payment_proofs/0b4c798e-f770-493e-af98-6b1f51a9eb40/IMG_7652.png,2026-07-07 10:05:04.449638+00,t,2026-07-07 10:07:29.7025+00,f,,1960,2,
1252,payment_proofs/138c9826-057e-4738-8058-a00836df1faa/IMG_7107.jpeg,2026-07-07 11:46:11.648658+00,t,2026-07-07 11:49:17.343561+00,f,,1951,2,
1253,payment_proofs/877ab4fa-d036-4e7a-8755-04e59183d463/e31b281e-09e9-46e4-b5c2-2117854a0801.jpeg,2026-07-07 11:52:48.399397+00,t,2026-07-07 11:56:13.605981+00,f,,1961,2,payment_proofs/877ab4fa-d036-4e7a-8755-04e59183d463/e31b281e-09e9-46e4-b5c2-2117854a080_jov2Gxv.jpeg
1242,payment_proofs/df4887ba-0a63-4ff7-9c81-adec6ae6f56e/IMG_9396.png,2026-07-06 18:52:23.955051+00,t,2026-07-07 12:10:58.602792+00,f,,1953,2,payment_proofs/df4887ba-0a63-4ff7-9c81-adec6ae6f56e/IMG_9396_vEBolfv.png
1238,payment_proofs/150e08bd-0438-4de8-a7b7-c0b00fff51ae/IMG_3863.png,2026-07-05 19:53:15.753116+00,t,2026-07-07 12:12:03.058124+00,f,,1872,2,
1255,payment_proofs/0d735bb3-42ca-45f3-9f7f-aec0fce2f779/1000317833.jpg,2026-07-07 12:37:44.466634+00,t,2026-07-07 12:52:38.67788+00,f,,1963,2,payment_proofs/0d735bb3-42ca-45f3-9f7f-aec0fce2f779/1000317833_2jjSI1q.jpg
1262,payment_proofs/7ec77483-cfde-4579-8c39-209b5b1d6ecf/123770.jpg,2026-07-07 17:53:41.788632+00,t,2026-07-07 18:26:10.352581+00,f,,1970,2,
1256,payment_proofs/3011ecc7-dbd9-438a-8139-d47ff19fd720/1000310714.jpg,2026-07-07 13:02:46.761037+00,t,2026-07-07 18:31:24.226142+00,f,,1964,2,payment_proofs/3011ecc7-dbd9-438a-8139-d47ff19fd720/1000310714_a30EJvA.jpg
1257,payment_proofs/d4514f04-e8f1-4d29-bee2-60600e5afeac/Capture_décran_2026-07-07_154849.png,2026-07-07 13:49:30.108968+00,t,2026-07-07 18:32:59.662813+00,f,,1965,2,payment_proofs/d4514f04-e8f1-4d29-bee2-60600e5afeac/Capture_décran_2026-07-07_154849_tlSyDef.png
1264,payment_proofs/76090834-a321-4744-8b2f-ad5fe6b87940/1001718927.jpg,2026-07-07 18:15:53.510375+00,t,2026-07-07 18:49:33.694203+00,f,,1972,2,
1258,payment_proofs/d4e9d379-685e-4fb9-a969-0349c8b9ae4d/1000225497.jpg,2026-07-07 16:03:16.694664+00,t,2026-07-07 18:54:09.327317+00,f,,1966,2,payment_proofs/d4e9d379-685e-4fb9-a969-0349c8b9ae4d/1000225497_yYLDooV.jpg
1260,payment_proofs/af1c1cc3-0509-4251-9469-d5c808cd0aaf/IMG_6665.png,2026-07-07 17:40:31.224989+00,t,2026-07-07 19:04:39.072651+00,f,,1969,2,
1265,payment_proofs/3758f822-f86b-4033-b81a-f971b312a8ac/Screenshot_20260707_193132_Orange_Money.jpg,2026-07-07 18:32:14.020086+00,t,2026-07-07 19:06:25.334428+00,f,,1973,2,
1266,payment_proofs/e7a5b399-420c-4bee-be5d-ecd13b35397c/Screenshot_20260707_200212_Orange_Money.jpg,2026-07-07 19:03:15.614942+00,t,2026-07-07 19:06:27.891247+00,f,,1974,2,
1259,payment_proofs/eb931d91-c317-47d6-8632-3bb21bbef0b3/Screenshot_20260707-172342.jpg,2026-07-07 16:25:29.509983+00,t,2026-07-07 19:06:53.307881+00,f,,1967,2,payment_proofs/eb931d91-c317-47d6-8632-3bb21bbef0b3/Screenshot_20260707-172342_j5u7yKy.jpg
1268,payment_proofs/bceb86eb-bf9e-4103-8329-6a4879f00a5f/94276.jpg,2026-07-07 20:03:44.308134+00,t,2026-07-07 20:14:19.870073+00,f,,1983,2,
1269,payment_proofs/87fadf75-9579-42f0-8bfd-50d6bcd1119d/17834558753528434526047590345704.jpg,2026-07-07 20:25:40.053914+00,t,2026-07-07 20:36:14.961341+00,f,,1984,2,
1271,payment_proofs/9e7fe839-9120-4f73-a4c7-9e58e989cf29/174543.jpg,2026-07-07 20:54:29.430618+00,t,2026-07-07 21:04:39.630581+00,f,,1948,2,
1272,payment_proofs/64425998-d934-4dc4-9141-e96322e24a44/174563.jpg,2026-07-07 20:58:06.942098+00,t,2026-07-07 21:04:41.764757+00,f,,1988,2,
1273,payment_proofs/3121a255-66ff-4e3e-a462-28b5ab1a9bc0/1000044472.png,2026-07-07 21:42:38.324399+00,t,2026-07-07 22:35:25.219103+00,f,,1990,2,
1270,payment_proofs/60f2f913-b544-4de1-a769-4f22506dfa92/IMG_0442.jpeg,2026-07-07 20:43:05.035261+00,t,2026-07-09 22:08:40.294187+00,f,,1987,2,
1274,payment_proofs/e6d84edc-ac5e-41f7-9032-89558e3ce233/IMG_6467.jpeg,2026-07-07 21:43:17.764416+00,t,2026-07-07 22:31:51.958074+00,f,,1989,2,payment_proofs/e6d84edc-ac5e-41f7-9032-89558e3ce233/IMG_6467_1fxViBR.jpeg
1316,payment_proofs/c23eede5-f1cc-468d-8171-a51a5ff2577f/IMG_6530.jpeg,2026-07-11 06:08:08.94817+00,t,2026-07-11 12:49:49.883547+00,f,,2057,2,
1275,payment_proofs/3f64a3aa-0a01-4ab1-827f-e5ff131f280c/1000281708.png,2026-07-07 23:59:27.787618+00,t,2026-07-08 11:19:56.394934+00,f,,1991,2,payment_proofs/3f64a3aa-0a01-4ab1-827f-e5ff131f280c/1000281708_37zyz8k.png
1313,payment_proofs/68e49bef-398a-4a32-9c8b-e88843580c2c/551016.png,2026-07-10 23:19:30.642798+00,t,2026-07-11 12:52:18.206222+00,f,,2054,2,
1276,payment_proofs/2e5dec45-a9ca-424f-91cb-c706146e95b9/image.jpg,2026-07-08 11:39:19.079371+00,t,2026-07-08 11:40:25.952612+00,f,,1993,2,
1315,payment_proofs/d29dee1a-5eb1-4368-a4f6-7fb5cd1998a4/IMG_1236.jpeg,2026-07-11 01:36:21.649086+00,t,2026-07-11 13:20:07.076319+00,f,,2056,2,
1277,payment_proofs/350f288f-8a0a-4465-adcf-4e59efbb8b57/image.jpg,2026-07-08 11:57:33.958562+00,t,2026-07-08 11:59:37.196378+00,f,,1994,2,
1278,payment_proofs/9fd8425b-68af-4249-a971-f68ce2af5964/IMG_7499.jpeg,2026-07-08 14:02:41.569331+00,t,2026-07-08 14:39:07.978071+00,f,,1998,2,
1279,payment_proofs/bc3e4f08-e3f1-436d-854a-7fc4c94b1f2f/Screenshot_20260708_143256_Messages.jpg,2026-07-08 14:06:48.057016+00,t,2026-07-08 14:39:08.537249+00,f,,1996,2,
1282,payment_proofs/5acda93c-e14c-4b47-823e-8b0bedb4c5c6/Screenshot_20260708_200325_Orange_Money.jpg,2026-07-08 19:05:35.506035+00,t,2026-07-08 23:00:13.104104+00,f,,2003,2,
1285,payment_proofs/42d3edfc-173f-4dc0-9a25-6b5dc10dc974/Screenshot_20260708_200325_Orange_Money.jpg,2026-07-08 19:07:17.251276+00,t,2026-07-08 23:00:17.204634+00,f,,2006,2,
1284,payment_proofs/c55d7a8f-4ad7-4422-9ba3-fa0b90498144/Screenshot_20260708_200325_Orange_Money.jpg,2026-07-08 19:06:30.383791+00,t,2026-07-08 23:00:20.177753+00,f,,2005,2,
1283,payment_proofs/874be124-3e9c-45c9-8d8e-5ee985a81705/Screenshot_20260708_200325_Orange_Money.jpg,2026-07-08 19:06:04.149653+00,t,2026-07-08 23:00:23.322273+00,f,,2004,2,
1286,payment_proofs/b8c41cd5-b212-4207-9260-914bd0c8d45a/Screenshot_20260708_200325_Orange_Money.jpg,2026-07-08 19:08:07.362617+00,t,2026-07-08 23:00:26.977881+00,f,,2007,2,
1280,payment_proofs/31afe8b6-880e-4f30-8b7d-ed55846ed7b2/Screen_IViaLIa.google.android.apps.messaging.jpg,2026-07-08 18:17:20.64661+00,t,2026-07-08 23:01:41.125658+00,f,,2000,2,
1287,payment_proofs/e357aa74-a041-415e-91ba-0cb8a5e3e9f8/IMG_5439.jpeg,2026-07-08 19:22:20.631053+00,t,2026-07-08 23:02:39.954338+00,f,,2008,2,
1281,payment_proofs/175fba1d-bd7e-4fa7-b18b-2ffd5f573c64/129813.png,2026-07-08 18:39:53.957693+00,t,2026-07-08 23:20:05.635677+00,f,,2001,2,
1289,payment_proofs/058cb8d4-e15d-4b35-8582-f5e96139e0f1/IMG_1564.png,2026-07-08 23:19:21.650748+00,t,2026-07-08 23:21:54.623422+00,f,,2014,2,
1288,payment_proofs/ebf292dd-40a0-4921-857e-6abc2398b366/IMG_5346.png,2026-07-08 20:16:54.415736+00,t,2026-07-08 23:23:37.218924+00,f,,2010,2,payment_proofs/ebf292dd-40a0-4921-857e-6abc2398b366/IMG_5347.png
1290,payment_proofs/0fc887b0-21b4-484c-b843-70b4f738b95b/IMG_1890.png,2026-07-08 23:46:11.720865+00,t,2026-07-08 23:51:19.522937+00,f,,2015,2,payment_proofs/0fc887b0-21b4-484c-b843-70b4f738b95b/IMG_1890_dbrOhVm.png
1291,payment_proofs/ca5780a8-29df-4086-a0f8-8c7d425c8377/IMG_0430.png,2026-07-09 07:42:01.528789+00,t,2026-07-09 09:02:56.272002+00,f,,2017,2,payment_proofs/ca5780a8-29df-4086-a0f8-8c7d425c8377/IMG_0430_3AYxlsy.png
1293,payment_proofs/7a6c295c-3395-484e-8af6-534640b84af5/IMG_2084.png,2026-07-09 11:14:23.024693+00,t,2026-07-09 13:51:13.607587+00,f,,2020,2,payment_proofs/7a6c295c-3395-484e-8af6-534640b84af5/IMG_2084_ClhiUwm.png
1294,payment_proofs/f3a57f1a-cbe4-4b0d-9a3a-558c969cc991/1000317044.jpg,2026-07-09 13:51:29.987589+00,t,2026-07-09 13:57:16.588309+00,f,,2011,2,payment_proofs/f3a57f1a-cbe4-4b0d-9a3a-558c969cc991/1000317044_Ua54QwS.jpg
1292,payment_proofs/b2d192fc-24d7-4128-8e94-50509c93c904/IMG_7606.png,2026-07-09 07:47:05.938157+00,t,2026-07-09 14:06:33.093231+00,f,,2018,2,
1295,payment_proofs/652f1625-41cb-4b96-bf26-10966ae33ecf/IMG_0464.jpeg,2026-07-09 14:53:41.665171+00,t,2026-07-09 14:54:02.110022+00,f,,2028,2,
1299,payment_proofs/594e2246-258b-432e-8862-4f4350794c56/IMG_1898.jpeg,2026-07-09 15:29:53.347422+00,t,2026-07-09 15:31:15.912771+00,f,,2031,2,
1298,payment_proofs/b5bbfca2-a893-4951-bc39-c49a82ec8ecc/IMG_5276.jpeg,2026-07-09 15:28:04.221667+00,t,2026-07-09 15:33:01.742447+00,f,,2029,2,
1300,payment_proofs/b312116e-9a05-48cd-9405-54a63d887b6b/1000408460.jpg,2026-07-09 15:30:23.913187+00,t,2026-07-09 15:33:06.232043+00,f,,2030,2,
1302,payment_proofs/baf30499-17c8-47d4-8a0d-dec61fbc364d/1000375952.jpg,2026-07-09 16:02:37.486511+00,t,2026-07-09 16:03:56.89086+00,f,,2035,2,
1301,payment_proofs/4ab5e283-739b-4156-b0c8-32d0c70072f3/1002012495.jpg,2026-07-09 16:01:50.057809+00,t,2026-07-09 16:04:05.253062+00,f,,2032,2,
1303,payment_proofs/a25f9f01-af93-4f40-97f2-18a2fc5d03f9/1002012536.jpg,2026-07-09 16:15:42.835677+00,t,2026-07-09 16:17:54.488208+00,f,,2036,2,
1304,payment_proofs/bff24ab8-aa18-4b34-9f90-0e57c5312378/1000259090.jpg,2026-07-09 16:48:11.486426+00,t,2026-07-09 19:16:37.078637+00,f,,2038,2,payment_proofs/bff24ab8-aa18-4b34-9f90-0e57c5312378/1000259090_1lzTMwl.jpg
1305,payment_proofs/d3a0e7ac-8d9d-4724-b799-3dcf063cf7ef/IMG_2291.jpeg,2026-07-09 21:04:01.739662+00,t,2026-07-09 21:10:20.127481+00,f,,2040,2,payment_proofs/d3a0e7ac-8d9d-4724-b799-3dcf063cf7ef/IMG_2291_iWOujIX.jpeg
1306,payment_proofs/3c75f790-788c-41b2-8b72-0437c03bde55/IMG_9266.jpeg,2026-07-09 23:15:34.016775+00,t,2026-07-09 23:16:19.579654+00,f,,2041,2,payment_proofs/3c75f790-788c-41b2-8b72-0437c03bde55/IMG_9265.png
1307,payment_proofs/eb9f89a4-8851-4f1b-9da4-f9197d4fbb0e/20813.jpg,2026-07-09 23:35:56.272628+00,t,2026-07-09 23:42:15.457835+00,f,,2045,2,
1308,payment_proofs/cfe908e2-aeee-43de-9b28-0c4674d9d185/SmartSelect_20260710_073311_Messages.jpg,2026-07-10 06:33:35.432799+00,t,2026-07-10 15:28:45.91694+00,f,,2048,2,
1309,payment_proofs/e31f83c4-1647-4b4f-8102-c58e117f462c/1000526917.jpg,2026-07-10 15:59:53.805907+00,t,2026-07-10 16:39:45.080057+00,f,,2049,2,
1310,payment_proofs/16e0ad39-3b7d-4a15-a020-6ea5e7a1fff3/IMG_1028.jpeg,2026-07-10 16:15:29.756929+00,t,2026-07-10 16:44:04.841951+00,f,,2050,2,
1312,payment_proofs/ab130366-8b62-4175-8aaf-e021c763590d/Screenshot_20260710_211235_Messages.jpg,2026-07-10 20:15:04.127853+00,t,2026-07-10 20:29:16.946208+00,f,,2052,2,
1311,payment_proofs/4fcf7934-217d-4d4a-b3a3-ba5abda00396/Screenshot_20260710_211135_Messages.jpg,2026-07-10 20:14:07.231387+00,t,2026-07-10 20:29:17.581572+00,f,,2051,2,
1314,payment_proofs/1e387f07-aa6a-497b-8e79-50f36d308078/Screenshot_20260711_020451_Orange_Max_it.jpg,2026-07-11 01:06:50.120103+00,t,2026-07-11 01:34:36.437663+00,f,,2055,2,
1317,payment_proofs/c9ca4834-889f-4a12-b117-cb88da5ee8ff/120303.jpg,2026-07-11 10:13:05.471791+00,t,2026-07-11 12:21:24.524665+00,f,,2058,2,payment_proofs/c9ca4834-889f-4a12-b117-cb88da5ee8ff/120314.jpg
1324,payment_proofs/e6f66455-c077-45f1-8f4b-223cec9ac9b6/284961.jpg,2026-07-12 09:16:10.474714+00,t,2026-07-12 09:34:06.986494+00,f,,2073,2,
1323,payment_proofs/4635cacb-adc6-4efc-8930-a55ef90634d7/Screenshot_20260712-000411.jpg,2026-07-11 23:04:56.161706+00,t,2026-07-12 10:29:01.556883+00,f,,2069,2,payment_proofs/4635cacb-adc6-4efc-8930-a55ef90634d7/Screenshot_20260712-000346.jpg
1329,payment_proofs/3adf5e28-f685-4b49-ae13-c511bccf639c/IMG_6622.png,2026-07-12 14:31:27.618387+00,t,2026-07-12 14:33:00.045152+00,f,,2079,2,
1332,payment_proofs/ded80900-c1bf-4e70-8e68-94bac86faeba/IMG_4330.jpeg,2026-07-12 15:07:37.748065+00,t,2026-07-12 15:16:14.623457+00,f,,2082,2,
1334,payment_proofs/4e948ddd-f7b8-4c74-8984-9248e87efa33/Screenshot_20260712_182413_Messages.jpg,2026-07-12 17:25:10.192227+00,t,2026-07-12 17:28:15.056893+00,f,,2085,2,
1337,payment_proofs/4d156635-54d7-411d-9ded-de76d9072ec0/IMG_9652.jpeg,2026-07-13 11:17:09.328362+00,t,2026-07-13 11:17:19.347144+00,f,,2091,2,
1336,payment_proofs/325aec1c-814d-42bf-8a8a-486359d0e592/101084.png,2026-07-13 09:31:19.95768+00,t,2026-07-13 11:21:33.394893+00,f,,2089,2,payment_proofs/325aec1c-814d-42bf-8a8a-486359d0e592/101084_AaBL6vM.png
1335,payment_proofs/96c2a626-eb68-4d17-be99-e86e4c1044e7/IMG_2305.jpeg,2026-07-13 06:47:57.851455+00,t,2026-07-13 12:01:49.897847+00,f,,2088,2,
1338,payment_proofs/4a72ed2a-ad67-448d-8def-786ef9b4dd9a/image.jpg,2026-07-13 12:11:03.621245+00,t,2026-07-13 12:12:13.634407+00,f,,2094,2,payment_proofs/4a72ed2a-ad67-448d-8def-786ef9b4dd9a/image_o6sIG30.jpg
1346,payment_proofs/ee5d2c57-70e0-4663-a8f9-2cb38036d6e7/IMG_0873.jpeg,2026-07-13 14:03:16.252939+00,t,2026-07-13 14:43:17.674257+00,f,,2104,2,
1342,payment_proofs/033bca42-ac10-45bb-a893-0c9c094557c5/Screenshot_20260713-134431.png,2026-07-13 12:45:31.323417+00,t,2026-07-13 14:43:46.949688+00,f,,2099,2,
1345,payment_proofs/eb989f9a-1076-40c2-9ccc-1b41ff4833c4/Screenshot_20260713-134431.png,2026-07-13 13:06:50.144231+00,t,2026-07-13 14:43:47.788074+00,f,,2100,2,
1339,payment_proofs/1d1c1c67-4e19-4542-908a-f718f376f1c7/IMG_5197.jpeg,2026-07-13 12:30:39.685871+00,t,2026-07-13 14:44:32.514672+00,f,,2095,2,
1343,payment_proofs/6682a468-8165-432e-a174-c6ee84b2d254/c63bc904-53bf-4f63-b6f6-e885961bac0d.jpeg,2026-07-13 12:46:23.211943+00,t,2026-07-13 14:48:09.813849+00,f,,2096,2,
1344,payment_proofs/8e4f78bb-c660-4bc4-9a71-ea6713d23650/68be7c00-0854-4bc4-b34e-1709083dcab8.jpeg,2026-07-13 13:03:08.76324+00,t,2026-07-13 14:48:24.189065+00,f,,2101,2,
1341,payment_proofs/4452ac75-f512-4dbb-a490-c55cca02a9c3/IMG_2350.jpeg,2026-07-13 12:40:03.867423+00,t,2026-07-13 14:50:24.908003+00,f,,2098,2,payment_proofs/4452ac75-f512-4dbb-a490-c55cca02a9c3/IMG_2350_YyDcSdF.jpeg
1348,payment_proofs/2234a6f7-1754-40bc-82f5-7c36f61b4cdf/Screenshot_20260713-161840.jpg,2026-07-13 15:19:23.876373+00,t,2026-07-13 15:24:33.423028+00,f,,2107,2,
1349,payment_proofs/b7903ff6-bacb-4e75-8dd0-b4a9ef6872c0/1001361829.jpg,2026-07-13 16:28:38.391589+00,t,2026-07-13 16:52:42.546728+00,f,,2116,2,
1353,payment_proofs/54f7ba3b-fd21-4ca5-91c3-bb6bb86f87a0/IMG_3872.png,2026-07-13 18:15:26.546868+00,t,2026-07-13 18:30:00.990338+00,f,,2122,2,
1340,payment_proofs/c26bbdcf-325e-4f7e-9a59-bd9f18d53bdb/IMG_20260713_133214328.jpg,2026-07-13 12:36:59.213722+00,f,,t,"
Ce n'est pas la bonne image : il faut la capture d'ecran de votre transfert d'argent.",2097,,payment_proofs/c26bbdcf-325e-4f7e-9a59-bd9f18d53bdb/IMG_20260712_205758104.jpg
1350,payment_proofs/a0659292-b6df-43ee-bdb7-b34758f4fcef/Capture_décran_2026-07-13_à_17.40.57.png,2026-07-13 16:42:06.581901+00,t,2026-07-13 18:33:35.876705+00,f,,2117,2,payment_proofs/a0659292-b6df-43ee-bdb7-b34758f4fcef/IMG_8836.png
1351,payment_proofs/3708ec51-1969-4301-a8e3-e652414ee744/1000603760.jpg,2026-07-13 17:42:14.696672+00,t,2026-07-13 19:25:47.260255+00,f,,2119,2,payment_proofs/3708ec51-1969-4301-a8e3-e652414ee744/1000603759.jpg
1355,payment_proofs/1d3e002d-493b-4403-80d0-ab43e9362870/3551.jpg,2026-07-13 18:56:51.627665+00,t,2026-07-13 19:31:43.211059+00,f,,2124,2,payment_proofs/1d3e002d-493b-4403-80d0-ab43e9362870/3550.jpg
1352,payment_proofs/a76824fb-0158-4fe5-86c9-98d544103917/SmartSelect_20260713_185218_Messages.jpg,2026-07-13 17:52:38.134983+00,t,2026-07-13 19:49:16.256118+00,f,,2121,2,
1354,payment_proofs/ab07dc20-3878-4bc1-85ca-61250adb9d40/IMG_1939.jpeg,2026-07-13 18:51:23.136817+00,t,2026-07-13 20:17:10.395985+00,f,,2123,2,
1359,payment_proofs/7e0add84-6ec2-465d-92f6-8a62440151a0/Capture_décran_2026-06-24_095758.png,2026-07-14 18:32:20.684027+00,t,2026-07-14 18:34:24.381394+00,f,,2132,2,
1360,payment_proofs/0f312bfa-924d-427b-b3a9-044c83fd94f4/Capture_décran_2026-04-28_233302.png,2026-07-14 18:32:58.98382+00,t,2026-07-14 18:34:25.106631+00,f,,2133,2,
1362,payment_proofs/cc3b1c3c-5277-42f1-ab3f-540e3400363c/188496.jpg,2026-07-14 19:23:32.529741+00,t,2026-07-15 09:47:13.890164+00,f,,2138,2,
1361,payment_proofs/814c2a00-6b4d-4e56-9fac-6204f6e8acb4/188490.jpg,2026-07-14 19:20:06.670024+00,t,2026-07-15 09:47:16.853904+00,f,,2135,2,
1356,payment_proofs/3457b72b-a1ab-401f-ac04-8ac88a023591/IMG_8164.jpeg,2026-07-13 21:47:30.315917+00,t,2026-07-15 13:29:13.57877+00,f,,2129,2,payment_proofs/3457b72b-a1ab-401f-ac04-8ac88a023591/IMG_8164_uelyIJE.jpeg
1357,payment_proofs/4c8e144d-1388-4f7f-8576-bfcd6f5eded8/IMG_3550.jpeg,2026-07-14 11:58:52.330377+00,t,2026-07-15 13:34:53.880111+00,f,,2130,2,payment_proofs/4c8e144d-1388-4f7f-8576-bfcd6f5eded8/IMG_3550_tahpEbC.jpeg
1358,payment_proofs/46553b9a-5909-407f-8562-b565b8c6df14/44C66844-21C6-4D36-A1D5-C93906B8D122.jpeg,2026-07-14 17:05:39.781207+00,t,2026-07-15 13:49:08.768275+00,f,,2131,2,
1363,payment_proofs/6ae191ce-537f-44d3-b826-7565a8851289/IMG_1606.jpeg,2026-07-15 14:48:59.708183+00,t,2026-07-15 15:22:58.549826+00,f,,2143,2,
1365,payment_proofs/bd8f72ed-526a-491d-a281-11eb86ddb964/1001029010.jpg,2026-07-15 16:49:20.139292+00,t,2026-07-15 16:57:10.933782+00,f,,2146,2,
1366,payment_proofs/11e7a16b-9c00-41f7-89c7-d7c7c28d8cd6/IMG_3263.png,2026-07-15 19:24:39.439971+00,t,2026-07-15 19:25:51.199965+00,f,,2148,2,payment_proofs/11e7a16b-9c00-41f7-89c7-d7c7c28d8cd6/IMG_3263_MNTewsU.png
1364,payment_proofs/13b29476-7692-4620-bddc-adeaa02cbb20/IMG_7986.jpeg,2026-07-15 16:34:01.435716+00,t,2026-07-16 10:42:53.345827+00,f,,2145,2,payment_proofs/13b29476-7692-4620-bddc-adeaa02cbb20/IMG_7986_MfRL6FD.jpeg
1368,payment_proofs/feb544ba-a3bc-4a6f-8abf-f684b641a6e7/1000184466.jpg,2026-07-16 11:15:29.7529+00,t,2026-07-16 11:17:37.555504+00,f,,2154,2,payment_proofs/feb544ba-a3bc-4a6f-8abf-f684b641a6e7/1000184467.jpg
1369,payment_proofs/320bb41e-53c2-47b9-a2ca-df646657e37d/IMG_2310.png,2026-07-16 11:23:59.43967+00,t,2026-07-16 11:26:25.870096+00,f,,2156,2,
1370,payment_proofs/be0c2129-832c-418b-98e3-6bd1bb68fcae/IMG_0464.jpeg,2026-07-16 11:28:43.504336+00,t,2026-07-16 11:29:34.750753+00,f,,2157,2,
1371,payment_proofs/8f9d04f1-202c-41df-b1e8-17f9d984e151/1000683351.jpg,2026-07-16 11:40:41.458849+00,t,2026-07-16 11:41:54.199534+00,f,,2158,2,
1372,payment_proofs/377b8f9d-c9ec-4a85-b46b-6d12f8eae054/268577.jpg,2026-07-16 11:47:35.237592+00,t,2026-07-16 11:49:40.162735+00,f,,2159,2,
1373,payment_proofs/749a455a-dc6b-4cad-ab80-4877aa6b6646/IMG_8837.jpeg,2026-07-16 16:22:47.106655+00,t,2026-07-16 16:33:46.324416+00,f,,2160,2,
1374,payment_proofs/149f161f-be67-43d3-b584-6864d6be7db1/IMG_8841.jpeg,2026-07-16 16:46:31.986681+00,t,2026-07-16 17:06:31.405455+00,f,,2161,2,
1375,payment_proofs/a05a81cf-fd44-4c4a-bd9d-14fd1f996fcc/c47376d1-7bcb-4041-850a-37f91fef879b.jpeg,2026-07-16 17:27:13.24123+00,t,2026-07-16 18:07:02.395813+00,f,,2162,2,payment_proofs/a05a81cf-fd44-4c4a-bd9d-14fd1f996fcc/c47376d1-7bcb-4041-850a-37f91fef879_ZX2BiII.jpeg
1377,payment_proofs/ae43d472-7743-407f-8fb8-9be807fa24d9/565331.png,2026-07-16 18:20:49.825766+00,t,2026-07-16 18:24:57.848829+00,f,,2168,2,
1376,payment_proofs/0a442cb8-7fa0-4e55-9665-04c7e7b7b370/116179.jpg,2026-07-16 18:16:32.967725+00,t,2026-07-16 18:25:29.227976+00,f,,2167,2,
1379,payment_proofs/f0bfc0c0-dc48-42f3-a078-6df4cad5cbdb/IMG_2032.png,2026-07-16 22:34:12.4399+00,t,2026-07-17 00:08:21.901067+00,f,,2171,2,
1378,payment_proofs/80011c16-4a05-4eba-856c-387d5c017b71/IMG_3054.jpeg,2026-07-16 20:14:27.779747+00,t,2026-07-17 00:10:04.56507+00,f,,2170,2,
1381,payment_proofs/9f2915a8-e4b9-4678-ad24-f3ff083acece/1001101207.jpg,2026-07-17 13:22:26.125332+00,t,2026-07-17 19:31:03.295846+00,f,,2178,2,
1384,payment_proofs/0be6e6bd-b8b9-442a-8975-9948e258225d/Capture_décran_2026-07-17_à_20.25.04.png,2026-07-17 19:26:06.121712+00,t,2026-07-17 20:03:04.888438+00,f,,2181,2,payment_proofs/0be6e6bd-b8b9-442a-8975-9948e258225d/Capture_décran_2026-07-17_à_20_AiE30qC.25.04.png
1383,payment_proofs/839a9992-90e5-485a-9a24-504a9b18aad7/Screenshot_20260717-173244.jpg,2026-07-17 16:39:52.444057+00,t,2026-07-17 20:46:35.650717+00,f,,2180,2,payment_proofs/839a9992-90e5-485a-9a24-504a9b18aad7/Screenshot_20260717-173244_OCCQMzx.jpg
1382,payment_proofs/1ada9d83-e735-4564-92c3-a3957d04bec6/1000073483.png,2026-07-17 14:20:39.153707+00,t,2026-07-17 20:48:43.551926+00,f,,2179,2,
1388,payment_proofs/016dfafb-29ad-419e-bb3f-98eda95de8ac/IMG_0456.jpeg,2026-07-17 21:32:25.788843+00,t,2026-07-17 21:35:08.080392+00,f,,2187,2,
1387,payment_proofs/008290d6-245b-453f-aad9-b140b7f1ab84/Screenshot_20260717_222131_Messages.jpg,2026-07-17 21:22:09.580737+00,t,2026-07-17 21:35:30.458235+00,f,,2185,2,payment_proofs/008290d6-245b-453f-aad9-b140b7f1ab84/Screenshot_20260717_222131_Messages_mBrg8W9.jpg
1385,payment_proofs/c2cfc709-7052-450c-8f28-0b2d11550dd9/IMG_8212.jpeg,2026-07-17 21:10:37.289487+00,t,2026-07-17 21:37:18.523104+00,f,,2182,2,
1389,payment_proofs/d295eecf-0929-4efb-9553-fddae3ec97e7/image.jpg,2026-07-17 21:40:47.034097+00,t,2026-07-17 21:46:32.493845+00,f,,2188,2,payment_proofs/d295eecf-0929-4efb-9553-fddae3ec97e7/image_CIDB3KN.jpg
1380,payment_proofs/14e10d2b-2cc0-4229-bb01-c3878c51e330/Screenshot_20260717-101520.png,2026-07-17 09:16:04.677172+00,t,2026-07-17 21:49:06.490255+00,f,,2176,2,
1395,payment_proofs/d6780021-04c7-4324-8cd2-413361c00cf0/IMG_1896.png,2026-07-18 12:42:59.737858+00,t,2026-07-18 19:01:13.160147+00,f,,2200,2,
1396,payment_proofs/aaf769a5-7447-4043-8140-7d92f6b7a81e/41277.png,2026-07-18 13:43:52.506327+00,t,2026-07-18 19:01:17.046663+00,f,,2201,2,payment_proofs/aaf769a5-7447-4043-8140-7d92f6b7a81e/41278.png
1399,payment_proofs/e43fd9d0-1415-40a3-be5a-43d058b58d34/IMG_2160.png,2026-07-18 19:17:41.351226+00,t,2026-07-18 19:48:03.631326+00,f,,2207,2,payment_proofs/e43fd9d0-1415-40a3-be5a-43d058b58d34/IMG_2160_pwbis86.png
1390,payment_proofs/add500fd-e603-468d-a0f4-bcd86000acc3/Capture_décran_2026-06-24_095758.png,2026-07-17 22:25:25.997572+00,t,2026-07-17 22:26:19.982951+00,f,,2189,2,
1391,payment_proofs/7a6368d0-8889-4e68-861f-8adb8b700e80/Capture_décran_2026-07-18_à_00.36.11.png,2026-07-17 23:38:52.316359+00,t,2026-07-18 00:59:06.650001+00,f,,2192,2,payment_proofs/7a6368d0-8889-4e68-861f-8adb8b700e80/Capture_décran_2026-07-18_à_00_T5KW9rN.36.11.png
1392,payment_proofs/e4fe8ea3-7a20-4cff-86f4-d3038840f282/image.jpg,2026-07-18 09:06:39.198299+00,t,2026-07-18 12:08:06.152382+00,f,,2193,2,payment_proofs/e4fe8ea3-7a20-4cff-86f4-d3038840f282/image_dgxaW6m.jpg
1394,payment_proofs/d199af16-4efb-4fc2-996d-aaa02bf919c8/Screenshot_20260718_121828_Orange_Money.jpg,2026-07-18 11:22:42.378836+00,t,2026-07-18 12:14:35.986315+00,f,,2198,2,
1386,payment_proofs/7116cae4-946a-423d-9979-d4a66b622ce6/IMG_1066.png,2026-07-17 21:20:42.670017+00,t,2026-07-18 15:21:15.174613+00,f,,2186,2,payment_proofs/7116cae4-946a-423d-9979-d4a66b622ce6/IMG_1066_2jNgtJk.png
1402,payment_proofs/c2ae9cfd-82f3-44ea-acfe-35e268c099aa/1000210362.png,2026-07-18 21:20:20.442929+00,t,2026-07-18 21:31:51.996561+00,f,,2210,2,
1403,payment_proofs/0f2e530e-5416-4b2f-b7c4-a7e6461190ce/IMG_4767.jpeg,2026-07-18 22:19:04.016031+00,t,2026-07-19 07:19:25.679353+00,f,,2211,2,payment_proofs/0f2e530e-5416-4b2f-b7c4-a7e6461190ce/IMG_4767_W2ouo7D.jpeg
1401,payment_proofs/409f7cae-72df-4e44-b92e-ed87a469695e/1000390238.jpg,2026-07-18 20:38:24.621097+00,t,2026-07-19 07:21:27.687778+00,f,,2209,2,payment_proofs/409f7cae-72df-4e44-b92e-ed87a469695e/1000390237.jpg
1397,payment_proofs/79e1caca-bad5-4aac-802e-4a8ec573d04d/41278.png,2026-07-18 14:06:11.389909+00,t,2026-07-19 07:23:39.170798+00,f,,2202,2,payment_proofs/79e1caca-bad5-4aac-802e-4a8ec573d04d/41277.png
1398,payment_proofs/2dba6832-23c5-48b4-ba99-06839cc825d1/IMG_1295.png,2026-07-18 19:14:27.819701+00,t,2026-07-19 07:24:09.30223+00,f,,2206,2,
1400,payment_proofs/873bf3f1-6117-4c0f-a5df-60a1351de59e/image.jpg,2026-07-18 19:53:11.942245+00,t,2026-07-19 07:26:53.946587+00,f,,2203,2,payment_proofs/873bf3f1-6117-4c0f-a5df-60a1351de59e/image_9iQA8AV.jpg
1404,payment_proofs/cde958c7-d79a-411c-9bad-c950b06d6277/Screenshot_20260719_093226_Phone.jpg,2026-07-19 08:33:18.460388+00,t,2026-07-19 08:38:17.80019+00,f,,2214,2,
1405,payment_proofs/2f8d32ae-1ab8-4ad6-a335-d416c09061bd/IMG_5486.png,2026-07-19 08:40:31.877348+00,t,2026-07-19 11:15:57.537415+00,f,,2215,2,
1406,payment_proofs/cb407530-5917-4f2e-8b1c-67bfdcc223a6/149652.jpg,2026-07-19 09:35:44.562441+00,t,2026-07-19 11:18:34.572068+00,f,,2216,2,
1407,payment_proofs/45f65144-d15c-47f6-9233-30ac598860e4/150304.jpg,2026-07-19 10:59:15.797787+00,t,2026-07-19 12:21:37.355525+00,f,,2219,2,payment_proofs/45f65144-d15c-47f6-9233-30ac598860e4/150304_AyI5pPg.jpg
1408,payment_proofs/f281f816-4e70-4e59-8cb5-d4a20cdfaacf/IMG_6736.jpeg,2026-07-19 11:25:13.616709+00,t,2026-07-19 12:21:39.593889+00,f,,2220,2,
1409,payment_proofs/cf358661-f6f7-4820-8d8b-e1cbba4acf5c/IMG_6738.jpeg,2026-07-19 13:08:34.376584+00,t,2026-07-19 13:12:32.357908+00,f,,2221,2,
1411,payment_proofs/c8f36e4b-9a03-457c-968d-2333558b702f/54011.png,2026-07-19 18:44:23.901204+00,t,2026-07-20 17:16:59.434926+00,f,,2217,2,
1410,payment_proofs/e85fc311-ec20-44c1-b6dc-8d3dfab00538/54010.png,2026-07-19 18:39:12.739209+00,t,2026-07-20 17:17:13.065671+00,f,,2223,2,
1427,payment_proofs/77bf5597-f25b-4af7-a44c-08fe204bab60/IMG_0331.jpeg,2026-07-21 14:42:32.764096+00,t,2026-07-21 14:47:20.658648+00,f,,2261,2,
1428,payment_proofs/9cbb54a8-c3f6-4657-b3a5-ad7f68aa0ec4/IMG_9128.jpg,2026-07-21 20:45:12.179751+00,t,2026-07-21 20:55:37.336174+00,f,,2270,2,
1442,payment_proofs/112beb3e-0cd5-453e-96ad-bca91a074713/1000090870.jpg,2026-07-23 15:18:59.34425+00,t,2026-07-23 17:58:13.230645+00,f,,2307,2,
1445,payment_proofs/d595849a-7044-4911-a4be-25714661537b/IMG_8606.png,2026-07-24 06:46:30.028951+00,t,2026-07-24 09:51:43.010512+00,f,,2311,2,
1426,payment_proofs/9baa12ab-7f06-4f26-9bd0-74a13002b3e5/685915.png,2026-07-21 14:25:01.291553+00,f,,t,,2258,,
1429,payment_proofs/0a3d275b-2b16-4752-affa-83358de5d1e9/IMG_4347.jpeg,2026-07-21 21:22:57.899229+00,t,2026-07-21 21:23:54.512931+00,f,,2277,2,
1443,payment_proofs/06c20d68-dfc2-4459-b30f-4198e4946de9/IMG_8289.png,2026-07-23 19:12:49.828256+00,t,2026-07-23 19:13:38.662033+00,f,,2308,2,
1446,payment_proofs/c866b737-8376-40c3-a946-60547a684b5c/IMG_3634.png,2026-07-24 09:57:45.900258+00,t,2026-07-24 12:15:08.218609+00,f,,2312,2,
1414,payment_proofs/a6737c03-aef4-4a9e-84f3-e5934ce8340b/1000014816.png,2026-07-20 07:13:51.832382+00,t,2026-07-20 18:16:17.850044+00,f,,2229,2,payment_proofs/a6737c03-aef4-4a9e-84f3-e5934ce8340b/1000014813.png
1430,payment_proofs/78d0be71-7d11-48a9-aac4-7c2365185d39/Screenshot_20260722_104958_Messages.jpg,2026-07-22 09:57:55.357487+00,t,2026-07-22 11:04:17.243894+00,f,,2280,2,
1444,payment_proofs/1bce3857-0dc7-4e6f-8293-3c4f68e2f88f/IMG_3632.png,2026-07-23 21:05:46.850793+00,t,2026-07-24 12:14:24.225853+00,f,,2310,2,
1447,payment_proofs/a50b0e02-8af1-40f4-ad50-3a11cd9f4006/f831d511-2adf-4ac6-af91-6a2448b0fd5f.jpeg,2026-07-24 14:25:41.579021+00,t,2026-07-24 18:54:16.720657+00,f,,2314,2,
1415,payment_proofs/4a38e0e2-1e58-47b3-a57f-b6c9ace8ffb5/IMG_5488.jpeg,2026-07-20 11:02:08.547076+00,t,2026-07-20 17:43:45.471259+00,f,,2231,2,
1431,payment_proofs/2063775b-9d0e-4067-a965-6d84b0da257d/Screenshot_20260722_110000_WhatsAppBusiness.jpg,2026-07-22 10:00:20.004353+00,t,2026-07-22 11:04:22.425188+00,f,,2281,2,
1448,payment_proofs/67e381f7-950d-451b-b1f1-86d3a9c6e747/IMG_1972.jpeg,2026-07-24 16:40:47.198652+00,t,2026-07-24 16:42:28.915468+00,f,,2328,2,
1416,payment_proofs/6e89ff07-7a92-44df-9df4-ba888e155c09/IMG_3187.jpeg,2026-07-20 11:17:06.298414+00,t,2026-07-20 18:14:37.107051+00,f,,2232,2,payment_proofs/6e89ff07-7a92-44df-9df4-ba888e155c09/IMG_3187_jpqfBaB.jpeg
1432,payment_proofs/3ef9bd92-afd9-41e1-9ab5-c5c3d4357a2d/Screenshot_20260722_110000_WhatsAppBusiness.jpg,2026-07-22 10:01:32.107354+00,t,2026-07-22 11:04:20.158541+00,f,,2282,2,
1449,payment_proofs/d18a1d53-e133-4578-a862-1d4672b9d097/Screenshot_20260724_232447_Messages.jpg,2026-07-24 22:26:10.971057+00,t,2026-07-24 22:35:17.470475+00,f,,2331,2,
1433,payment_proofs/a5778d37-7967-432f-bc97-03ee81f33762/IMG_8377.jpeg,2026-07-22 10:43:45.38799+00,t,2026-07-22 11:04:41.954742+00,f,,2283,2,
1450,payment_proofs/0dd1e99e-69e5-4ba5-889b-57dd41b7bfbf/Screenshot_20260724_232852_Messages.jpg,2026-07-24 22:29:37.563807+00,t,2026-07-24 22:35:22.122316+00,f,,2332,2,
1418,payment_proofs/f93ca57b-d645-4c0c-8191-486952571a7c/17845639469923488424758915741236.jpg,2026-07-20 16:13:52.734955+00,t,2026-07-20 17:41:00.943048+00,f,,2234,2,payment_proofs/f93ca57b-d645-4c0c-8191-486952571a7c/17845639949085684139595930672325.jpg
1434,payment_proofs/28123de5-5ebc-42cf-9655-451f6385ef2f/IMG_8858.jpeg,2026-07-22 11:32:28.083934+00,t,2026-07-22 13:41:56.020481+00,f,,2284,2,
1451,payment_proofs/ba5b771c-801b-43ff-84c8-7735033f585d/Screenshot_20260724_233108_Messages.jpg,2026-07-24 22:31:33.214709+00,t,2026-07-24 22:35:23.436751+00,f,,2333,2,
1419,payment_proofs/7469c764-be76-4db3-83db-7146fbdcbb89/Screenshot_20260720_192656_Messages.jpg,2026-07-20 19:03:20.079845+00,t,2026-07-20 19:06:28.150825+00,f,,2238,2,
1435,payment_proofs/33386b49-35e7-48e1-8b0a-5adffcf49888/261122.png,2026-07-22 12:04:45.525832+00,t,2026-07-22 13:48:52.027447+00,f,,2285,2,
1436,payment_proofs/bd85eb62-165a-4687-9399-3c645df9a840/17847361516423467141085225657942.jpg,2026-07-22 16:03:57.970121+00,t,2026-07-22 16:20:46.877058+00,f,,2294,2,
1437,payment_proofs/84e54ff5-7215-440c-aff9-7fb60c48dbd4/1000013388.jpg,2026-07-23 10:46:51.412281+00,t,2026-07-23 10:51:49.206266+00,f,,2301,2,
1422,payment_proofs/f02ef6fc-1da8-4c1c-8753-2a7107e019c8/IMG_4340.png,2026-07-21 10:55:17.069729+00,t,2026-07-21 12:01:32.497544+00,f,,2246,2,
1423,payment_proofs/008d2861-4686-4243-aa52-55043c11bb1a/IMG_4339.png,2026-07-21 10:55:54.938055+00,t,2026-07-21 12:01:40.08601+00,f,,2243,2,
1424,payment_proofs/4ff2a391-34c9-4d46-9861-6abd5e8a2098/IMG_4341.png,2026-07-21 10:57:12.6235+00,t,2026-07-21 12:01:37.689752+00,f,,2247,2,
1440,payment_proofs/eb617348-ee1f-4460-8fd1-471ce2ce9f60/1000909295.jpg,2026-07-23 13:03:33.057687+00,t,2026-07-23 13:54:33.051708+00,f,,2305,2,
1425,payment_proofs/cf10c028-93e7-4b8e-a5a5-644f732769a5/IMG_4342.png,2026-07-21 11:03:26.871934+00,t,2026-07-21 12:01:47.42152+00,f,,2248,2,
1441,payment_proofs/a1f48d9a-a4ce-4f39-9c45-928873ce17f1/IMG-20260723-WA0040.jpg,2026-07-23 14:46:23.994606+00,t,2026-07-24 09:46:38.249234+00,f,,2306,2,
1452,payment_proofs/7ebcc3ab-ce29-4fd3-8274-f263590efea4/Capture_décran_2026-06-24_095758.png,2026-07-25 08:09:24.756864+00,t,2026-07-25 08:10:38.574831+00,f,,2336,2,
1466,payment_proofs/3ccf54dc-1fea-4fdb-8a6b-a39c5749cb0c/1001910038.jpg,2026-07-25 22:20:05.293266+00,t,2026-07-25 22:33:48.653997+00,f,,2360,2,
1471,payment_proofs/3b7360bd-d3a2-4852-a70c-856e84c35253/IMG_8222.jpeg,2026-07-26 16:03:00.759614+00,t,2026-07-26 16:05:21.046512+00,f,,2367,2,
1480,payment_proofs/2ba61e3b-cf22-413d-8dc1-b5f1456f367e/image.jpg,2026-07-28 20:31:05.947814+00,t,2026-07-28 20:52:29.333612+00,f,,2389,2,
1467,payment_proofs/c68fc1cf-471e-4921-834b-7a8954140abf/1000718196.jpg,2026-07-25 22:26:10.078722+00,t,2026-07-25 22:35:15.199258+00,f,,2359,2,
1472,payment_proofs/9446e935-978e-40f0-b1a3-f8fb4ced84f6/Screenshot_20260726_180951_Messages.jpg,2026-07-26 17:11:05.276318+00,t,2026-07-26 18:56:54.006286+00,f,,2368,2,
1454,payment_proofs/5730b101-b8c2-4e3c-a8c2-a27c53680cb9/IMG_5915.png,2026-07-25 10:38:20.302353+00,t,2026-07-25 12:38:01.231655+00,f,,2341,2,
1465,payment_proofs/41cad50f-ab06-4050-bf27-52ca350b17d2/1001910028.jpg,2026-07-25 22:18:29.341957+00,t,2026-07-25 22:33:49.534362+00,f,,2358,2,
1455,payment_proofs/bb1ce334-ca10-4bbf-aad4-e3e7211666fa/1000287207.jpg,2026-07-25 13:33:53.626512+00,t,2026-07-25 13:56:02.203377+00,f,,2343,2,payment_proofs/bb1ce334-ca10-4bbf-aad4-e3e7211666fa/1000287207_xMTidqd.jpg
1468,payment_proofs/d63e79a6-574e-4aca-8996-7d249e4bbfcf/1000186670.jpg,2026-07-26 08:31:24.891566+00,t,2026-07-26 09:57:44.531529+00,f,,2362,2,payment_proofs/d63e79a6-574e-4aca-8996-7d249e4bbfcf/1000186670_dbKdsBp.jpg
1474,payment_proofs/7a131ad6-2ad6-4498-bdd3-9c16a4f34593/IMG_2817.png,2026-07-27 08:30:54.839622+00,t,2026-07-27 13:01:30.09158+00,f,,2375,2,
1456,payment_proofs/e70c8ebc-eece-477a-b59c-cdf051139e4d/IMG-20260725-WA0002.jpg,2026-07-25 14:37:17.912386+00,t,2026-07-25 16:27:08.141219+00,f,,2344,2,
1469,payment_proofs/baafd73d-6192-471b-a531-a87087d686ce/1000186671.jpg,2026-07-26 08:36:01.077652+00,t,2026-07-26 09:57:48.792057+00,f,,2363,2,payment_proofs/baafd73d-6192-471b-a531-a87087d686ce/1000186671_Urbj1W7.jpg
1475,payment_proofs/ae60cd08-88e2-453e-88b0-e8fc8fddd3c3/173383.jpg,2026-07-27 13:43:00.987849+00,f,,f,,2377,,
1457,payment_proofs/268fc1c2-9489-4e58-9ea0-78f640f7fc2f/IMG_2522.jpeg,2026-07-25 16:11:32.032732+00,t,2026-07-25 16:13:02.355276+00,f,,2345,2,payment_proofs/268fc1c2-9489-4e58-9ea0-78f640f7fc2f/IMG_2522_jnJ8PjW.jpeg
1470,payment_proofs/ffc76884-5b8a-406e-b5b6-c40b92f7b0fe/1000186672.jpg,2026-07-26 08:39:12.183451+00,t,2026-07-26 09:57:50.633628+00,f,,2364,2,payment_proofs/ffc76884-5b8a-406e-b5b6-c40b92f7b0fe/1000186672_5HgddNy.jpg
1476,payment_proofs/7581e669-7761-4dc8-bb1c-443130274b7f/1001358919.jpg,2026-07-27 21:21:45.506714+00,t,2026-07-28 20:52:35.896487+00,f,,2376,2,payment_proofs/7581e669-7761-4dc8-bb1c-443130274b7f/1001358913.jpg
1458,payment_proofs/d03d5262-6d0f-4adb-a83d-5de87427d01f/IMG_4124.png,2026-07-25 16:48:37.469518+00,t,2026-07-25 16:49:32.828696+00,f,,2347,2,
1477,payment_proofs/2f50fc5a-b685-40da-889a-90a989df9a75/1001359314.jpg,2026-07-27 22:31:57.491008+00,t,2026-07-28 20:52:33.650135+00,f,,2384,2,payment_proofs/2f50fc5a-b685-40da-889a-90a989df9a75/1001359310.jpg
1459,payment_proofs/0ad70721-d55a-441d-8657-1734779b5e1d/IMG_1481.jpeg,2026-07-25 17:20:33.953506+00,t,2026-07-25 19:18:11.130751+00,f,,2349,2,payment_proofs/0ad70721-d55a-441d-8657-1734779b5e1d/IMG_1481_avEargs.jpeg
1479,payment_proofs/1cfa0011-74d8-4cb5-ae69-f96c90cc282a/IMG_5944.jpeg,2026-07-28 08:59:42.519016+00,t,2026-07-28 09:07:31.191243+00,f,,2386,2,
1461,payment_proofs/e07ec92a-e2ee-4981-aeea-a0fdfc8b9c20/IMG_2152.jpeg,2026-07-25 19:16:00.878878+00,t,2026-07-25 19:17:43.02636+00,f,,2353,2,payment_proofs/e07ec92a-e2ee-4981-aeea-a0fdfc8b9c20/IMG_2152_0RIWrbY.jpeg
1462,payment_proofs/8d682662-470b-45b0-ada8-75e86e220520/IMG_4111.png,2026-07-25 19:59:36.412095+00,f,,f,,2354,,
1463,payment_proofs/8c5cf979-808c-4ee2-a398-cbacef06a924/1000303048.jpg,2026-07-25 21:01:29.521832+00,t,2026-07-25 22:36:04.640826+00,f,,2355,2,
1464,payment_proofs/2749e051-d2c1-487c-a98a-84d34f96e0af/1000503216.jpg,2026-07-25 22:09:16.276394+00,t,2026-07-25 22:34:31.839275+00,f,,2356,2,
